id,name,year,affected_countries,estimated_population_affected,ideal_plan_text
katrina_2005,Hurricane Katrina,2005,United States,1500000,"Ideal Response Plan for Hurricane Katrina (2005)

Affected countries/territories: United States
Estimated population affected: 1,500,000

Key priorities:
- Education: Support 450,361 people with a budget of $13,774,515.
- WASH: Support 437,679 people with a budget of $17,156,064.
- Health: Support 428,818 people with a budget of $17,656,125.
- Protection: Support 360,687 people with a budget of $16,071,817.
- Shelter: Support 349,923 people with a budget of $11,682,295.

Sector-specific actions:
- Reopen schools and provide learning materials for children.
- Ensure access to clean water and sanitation to prevent disease outbreaks.
- Provide immediate health services, including mobile clinics and medical supplies.
- Safeguard vulnerable groups and prevent exploitation and abuse.
- Deploy emergency shelters and repair homes for displaced families.

All actions follow UN best-practice humanitarian response standards, prioritizing life-saving interventions, disease prevention, and rapid recovery."
sandy_2012,Hurricane Sandy,2012,"United States, Jamaica, Haiti, Cuba, Bahamas",65000000,"Ideal Response Plan for Hurricane Sandy (2012)

Affected countries/territories: United States, Jamaica, Haiti, Cuba, Bahamas
Estimated population affected: 65,000,000

Key priorities:
- Protection: Support 804,584 people with a budget of $20,571,824.
- Livelihoods: Support 579,370 people with a budget of $19,158,654.
- Education: Support 463,836 people with a budget of $24,791,264.
- Shelter: Support 328,215 people with a budget of $19,272,095.
- WASH: Support 225,688 people with a budget of $16,037,356.

Sector-specific actions:
- Safeguard vulnerable groups and prevent exploitation and abuse.
- Support recovery of jobs and income-generating activities.
- Reopen schools and provide learning materials for children.
- Deploy emergency shelters and repair homes for displaced families.
- Ensure access to clean water and sanitation to prevent disease outbreaks.

All actions follow UN best-practice humanitarian response standards, prioritizing life-saving interventions, disease prevention, and rapid recovery."
maria_2017,Hurricane Maria,2017,"Puerto Rico, Dominica, Dominican Republic",3200000,"Ideal Response Plan for Hurricane Maria (2017)

Affected countries/territories: Puerto Rico, Dominica, Dominican Republic
Estimated population affected: 3,200,000

Key priorities:
- Livelihoods: Support 504,264 people with a budget of $11,343,010.
- Food Security: Support 363,161 people with a budget of $6,918,419.
- Energy: Support 305,380 people with a budget of $9,170,883.
- Education: Support 233,819 people with a budget of $8,708,230.
- Health: Support 228,271 people with a budget of $9,625,605.

Sector-specific actions:
- Support recovery of jobs and income-generating activities.
- Distribute emergency food rations and restore food supply chains.
- Restore power and critical infrastructure for relief operations.
- Reopen schools and provide learning materials for children.
- Provide immediate health services, including mobile clinics and medical supplies.

All actions follow UN best-practice humanitarian response standards, prioritizing life-saving interventions, disease prevention, and rapid recovery."
harvey_2017,Hurricane Harvey,2017,United States,13000000,"Ideal Response Plan for Hurricane Harvey (2017)

Affected countries/territories: United States
Estimated population affected: 13,000,000

Key priorities:
- Food Security: Support 631,767 people with a budget of $25,469,042.
- Education: Support 419,807 people with a budget of $12,612,680.
- Health: Support 336,328 people with a budget of $10,054,346.
- Shelter: Support 306,752 people with a budget of $8,968,727.
- WASH: Support 230,581 people with a budget of $13,605,265.

Sector-specific actions:
- Distribute emergency food rations and restore food supply chains.
- Reopen schools and provide learning materials for children.
- Provide immediate health services, including mobile clinics and medical supplies.
- Deploy emergency shelters and repair homes for displaced families.
- Ensure access to clean water and sanitation to prevent disease outbreaks.

All actions follow UN best-practice humanitarian response standards, prioritizing life-saving interventions, disease prevention, and rapid recovery."
haiyan_2013,Typhoon Haiyan,2013,"Philippines, Vietnam, China",11000000,"Ideal Response Plan for Typhoon Haiyan (2013)

Affected countries/territories: Philippines, Vietnam, China
Estimated population affected: 11,000,000

Key priorities:
- WASH: Support 335,416 people with a budget of $10,028,874.
- Livelihoods: Support 334,774 people with a budget of $7,472,783.
- Shelter: Support 292,807 people with a budget of $8,025,421.
- Protection: Support 224,531 people with a budget of $9,320,060.
- Education: Support 125,326 people with a budget of $2,156,115.

Sector-specific actions:
- Ensure access to clean water and sanitation to prevent disease outbreaks.
- Support recovery of jobs and income-generating activities.
- Deploy emergency shelters and repair homes for displaced families.
- Safeguard vulnerable groups and prevent exploitation and abuse.
- Reopen schools and provide learning materials for children.

All actions follow UN best-practice humanitarian response standards, prioritizing life-saving interventions, disease prevention, and rapid recovery."
dorian_2019,Hurricane Dorian,2019,"Bahamas, United States, Canada",700000,"Ideal Response Plan for Hurricane Dorian (2019)

Affected countries/territories: Bahamas, United States, Canada
Estimated population affected: 700,000

Key priorities:
- WASH: Support 312,825 people with a budget of $11,263,892.
- Protection: Support 147,067 people with a budget of $5,095,391.
- Education: Support 113,021 people with a budget of $8,436,477.
- Food Security: Support 88,332 people with a budget of $5,551,669.
- Shelter: Support 4,461 people with a budget of $590,708.

Sector-specific actions:
- Ensure access to clean water and sanitation to prevent disease outbreaks.
- Safeguard vulnerable groups and prevent exploitation and abuse.
- Reopen schools and provide learning materials for children.
- Distribute emergency food rations and restore food supply chains.
- Deploy emergency shelters and repair homes for displaced families.

All actions follow UN best-practice humanitarian response standards, prioritizing life-saving interventions, disease prevention, and rapid recovery."
irma_2017,Hurricane Irma,2017,"Barbuda, Saint Martin, Cuba, United States",3700000,"Ideal Response Plan for Hurricane Irma (2017)

Affected countries/territories: Barbuda, Saint Martin, Cuba, United States
Estimated population affected: 3,700,000

Key priorities:
- Shelter: Support 594,778 people with a budget of $12,500,000.
- Food Security: Support 437,586 people with a budget of $8,200,000.
- Health: Support 390,142 people with a budget of $7,100,000.
- WASH: Support 246,227 people with a budget of $5,800,000.
- Protection: Support 185,000 people with a budget of $4,500,000.

Sector-specific actions:
- Deploy emergency shelters and repair damaged homes across Barbuda and Saint Martin.
- Distribute emergency food rations and restore food supply chains in Cuba and Florida.
- Provide immediate health services including mobile clinics and medical supplies.
- Ensure access to clean water and sanitation to prevent disease outbreaks.
- Safeguard vulnerable groups including women and children in evacuation shelters.

All actions follow UN best-practice humanitarian response standards, prioritizing life-saving interventions, disease prevention, and rapid recovery."
michael_2018,Hurricane Michael,2018,"United States, Cuba",500000,"Ideal Response Plan for Hurricane Michael (2018)

Affected countries/territories: United States, Cuba
Estimated population affected: 500,000

Key priorities:
- Shelter: Support 200,000 people with a budget of $5,200,000.
- Health: Support 150,000 people with a budget of $3,100,000.
- Food Security: Support 120,000 people with a budget of $2,800,000.
- WASH: Support 100,000 people with a budget of $1,500,000.
- Protection: Support 80,000 people with a budget of $2,000,000.

Sector-specific actions:
- Deploy emergency shelters across Florida panhandle devastated by Cat 5 winds.
- Provide health services in Mexico Beach and surrounding communities.
- Distribute emergency food supplies to isolated rural communities in Georgia and Alabama.
- Ensure access to clean water following infrastructure destruction.
- Safeguard vulnerable populations in damaged communities.

All actions follow UN best-practice humanitarian response standards, prioritizing life-saving interventions, disease prevention, and rapid recovery."
florence_2018,Hurricane Florence,2018,United States,1800000,"Ideal Response Plan for Hurricane Florence (2018)

Affected countries/territories: United States
Estimated population affected: 1,800,000

Key priorities:
- Shelter: Support 500,000 people with a budget of $8,500,000.
- Food Security: Support 400,000 people with a budget of $4,200,000.
- WASH: Support 300,000 people with a budget of $3,100,000.
- Health: Support 200,000 people with a budget of $2,000,000.
- Protection: Support 150,000 people with a budget of $1,800,000.

Sector-specific actions:
- Deploy emergency shelters across flood-devastated North Carolina.
- Distribute emergency food supplies to communities isolated by record flooding.
- Ensure access to clean water in areas contaminated by floodwaters.
- Provide health services and address waterborne disease risks.
- Safeguard vulnerable populations in mass shelter facilities.

All actions follow UN best-practice humanitarian response standards, prioritizing life-saving interventions, disease prevention, and rapid recovery."
ida_2021,Hurricane Ida,2021,United States,2000000,"Ideal Response Plan for Hurricane Ida (2021)

Affected countries/territories: United States
Estimated population affected: 2,000,000

Key priorities:
- Shelter: Support 650,000 people with a budget of $12,000,000.
- Food Security: Support 450,000 people with a budget of $6,500,000.
- Health: Support 350,000 people with a budget of $3,200,000.
- WASH: Support 280,000 people with a budget of $2,800,000.
- Protection: Support 200,000 people with a budget of $2,000,000.

Sector-specific actions:
- Deploy emergency shelters across Louisiana devastated by Cat 4 winds.
- Distribute emergency food supplies during prolonged power outages.
- Provide health services in communities with destroyed medical facilities.
- Ensure access to clean water following infrastructure collapse.
- Safeguard vulnerable populations in evacuation shelters.

All actions follow UN best-practice humanitarian response standards, prioritizing life-saving interventions, disease prevention, and rapid recovery."
ian_2022,Hurricane Ian,2022,"United States, Cuba",2500000,"Ideal Response Plan for Hurricane Ian (2022)

Affected countries/territories: United States, Cuba
Estimated population affected: 2,500,000

Key priorities:
- Shelter: Support 800,000 people with a budget of $15,000,000.
- Food Security: Support 600,000 people with a budget of $8,000,000.
- Health: Support 450,000 people with a budget of $3,500,000.
- WASH: Support 350,000 people with a budget of $3,500,000.
- Protection: Support 250,000 people with a budget of $2,500,000.

Sector-specific actions:
- Deploy emergency shelters across southwest Florida and barrier islands.
- Distribute emergency food and water to isolated communities.
- Provide health services and medevac in areas with destroyed hospitals.
- Ensure access to clean water following storm surge contamination.
- Safeguard vulnerable populations including elderly in barrier island communities.

All actions follow UN best-practice humanitarian response standards, prioritizing life-saving interventions, disease prevention, and rapid recovery."
fiona_2022,Hurricane Fiona,2022,"Puerto Rico, Dominican Republic, Canada",1200000,"Ideal Response Plan for Hurricane Fiona (2022)

Affected countries/territories: Puerto Rico, Dominican Republic, Canada
Estimated population affected: 1,200,000

Key priorities:
- Shelter: Support 300,000 people with a budget of $4,500,000.
- WASH: Support 250,000 people with a budget of $2,800,000.
- Food Security: Support 200,000 people with a budget of $3,200,000.
- Health: Support 180,000 people with a budget of $1,500,000.
- Protection: Support 120,000 people with a budget of $1,000,000.

Sector-specific actions:
- Deploy emergency shelters and support home repairs in Puerto Rico.
- Ensure access to clean water following island-wide power grid collapse.
- Distribute emergency food supplies during extended blackouts.
- Provide health services in communities with compromised medical facilities.
- Safeguard vulnerable populations in displacement shelters.

All actions follow UN best-practice humanitarian response standards, prioritizing life-saving interventions, disease prevention, and rapid recovery."
wilma_2005,Hurricane Wilma,2005,"Mexico, United States, Cuba",800000,"Ideal Response Plan for Hurricane Wilma (2005)

Affected countries/territories: Mexico, United States, Cuba
Estimated population affected: 800,000

Key priorities:

Sector-specific actions:

All actions follow UN best-practice humanitarian response standards, prioritizing life-saving interventions, disease prevention, and rapid recovery."
rita_2005,Hurricane Rita,2005,United States,1200000,"Ideal Response Plan for Hurricane Rita (2005)

Affected countries/territories: United States
Estimated population affected: 1,200,000

Key priorities:

Sector-specific actions:

All actions follow UN best-practice humanitarian response standards, prioritizing life-saving interventions, disease prevention, and rapid recovery."
ike_2008,Hurricane Ike,2008,"United States, Cuba, Haiti",3000000,"Ideal Response Plan for Hurricane Ike (2008)

Affected countries/territories: United States, Cuba, Haiti
Estimated population affected: 3,000,000

Key priorities:

Sector-specific actions:

All actions follow UN best-practice humanitarian response standards, prioritizing life-saving interventions, disease prevention, and rapid recovery."
gustav_2008,Hurricane Gustav,2008,"United States, Cuba, Haiti",2000000,"Ideal Response Plan for Hurricane Gustav (2008)

Affected countries/territories: United States, Cuba, Haiti
Estimated population affected: 2,000,000

Key priorities:

Sector-specific actions:

All actions follow UN best-practice humanitarian response standards, prioritizing life-saving interventions, disease prevention, and rapid recovery."
cyclone_nargis_2008,Cyclone Nargis,2008,"Myanmar, Bangladesh, India",2400000,"Ideal Response Plan for Cyclone Nargis (2008)

Affected countries/territories: Myanmar, Bangladesh, India
Estimated population affected: 2,400,000

Key priorities:
- Health: Support 671,184 people with a budget of $4,000,000.
- Shelter: Support 461,741 people with a budget of $4,150,000.
- Food Security: Support 492,870 people with a budget of $4,500,000.
- WASH: Support 350,000 people with a budget of $2,800,000.
- Protection: Support 280,000 people with a budget of $1,800,000.

Sector-specific actions:
- Provide immediate health services across Ayeyarwady Division and Yangon.
- Deploy emergency shelters for displaced families in cyclone-devastated delta regions.
- Distribute emergency food rations to 2.4 million affected people.
- Ensure access to clean water and sanitation to prevent cholera outbreaks.
- Safeguard vulnerable groups and prevent exploitation in displacement camps.

All actions follow UN best-practice humanitarian response standards, prioritizing life-saving interventions, disease prevention, and rapid recovery."
cyclone_pam_2015,Cyclone Pam,2015,"Vanuatu, Fiji, New Caledonia",250000,"Ideal Response Plan for Cyclone Pam (2015)

Affected countries/territories: Vanuatu, Fiji, New Caledonia
Estimated population affected: 250,000

Key priorities:
- Shelter: Support 120,000 people with a budget of $3,200,000.
- WASH: Support 85,000 people with a budget of $2,100,000.
- Food Security: Support 95,000 people with a budget of $1,800,000.
- Health: Support 65,000 people with a budget of $1,200,000.
- Protection: Support 45,000 people with a budget of $800,000.

Sector-specific actions:
- Deploy emergency shelters across Shefa and Tafea provinces.
- Ensure access to clean water following widespread infrastructure destruction.
- Distribute emergency food supplies to remote island communities.
- Provide health services and prevent disease outbreaks.
- Safeguard vulnerable island populations in displacement sites.

All actions follow UN best-practice humanitarian response standards, prioritizing life-saving interventions, disease prevention, and rapid recovery."
typhoon_mangkhut_2018,Typhoon Mangkhut,2018,"Philippines, China, Hong Kong, Taiwan",6500000,"Ideal Response Plan for Typhoon Mangkhut (2018)

Affected countries/territories: Philippines, China, Hong Kong, Taiwan
Estimated population affected: 6,500,000

Key priorities:
- Shelter: Support 1,500,000 people with a budget of $4,500,000.
- Food Security: Support 1,200,000 people with a budget of $3,200,000.
- WASH: Support 800,000 people with a budget of $2,000,000.
- Health: Support 600,000 people with a budget of $1,500,000.
- Protection: Support 400,000 people with a budget of $1,200,000.

Sector-specific actions:
- Deploy emergency shelters across Cagayan and Ilocos Norte provinces.
- Distribute emergency food to communities devastated by super typhoon.
- Ensure access to clean water in Guangdong and Hong Kong.
- Provide health services in remote mountainous communities.
- Safeguard vulnerable populations in mass evacuation centers.

All actions follow UN best-practice humanitarian response standards, prioritizing life-saving interventions, disease prevention, and rapid recovery."
cyclone_idai_2019,Cyclone Idai,2019,"Mozambique, Malawi, Zimbabwe",3000000,"Ideal Response Plan for Cyclone Idai (2019)

Affected countries/territories: Mozambique, Malawi, Zimbabwe
Estimated population affected: 3,000,000

Key priorities:
- Shelter: Support 768,544 people with a budget of $5,500,000.
- Health: Support 613,289 people with a budget of $4,200,000.
- Food Security: Support 641,244 people with a budget of $3,500,000.
- WASH: Support 420,902 people with a budget of $3,800,000.
- Protection: Support 350,000 people with a budget of $2,800,000.

Sector-specific actions:
- Deploy emergency shelters in Sofala and Manica provinces.
- Provide immediate health services and prevent cholera outbreaks in Beira.
- Distribute emergency food rations across Mozambique and Zimbabwe.
- Ensure access to clean water in flood-affected Zambezia province.
- Safeguard vulnerable groups in Chimanimani district displacement sites.

All actions follow UN best-practice humanitarian response standards, prioritizing life-saving interventions, disease prevention, and rapid recovery."
typhoon_goni_2020,Typhoon Goni,2020,"Philippines, Vietnam",2400000,"Ideal Response Plan for Typhoon Goni (2020)

Affected countries/territories: Philippines, Vietnam
Estimated population affected: 2,400,000

Key priorities:
- Shelter: Support 800,000 people with a budget of $4,800,000.
- Food Security: Support 650,000 people with a budget of $3,500,000.
- WASH: Support 500,000 people with a budget of $2,200,000.
- Health: Support 380,000 people with a budget of $1,800,000.
- Protection: Support 280,000 people with a budget of $1,500,000.

Sector-specific actions:
- Deploy emergency shelters across Albay and Camarines Sur provinces.
- Distribute emergency food rations to typhoon-devastated communities.
- Ensure access to clean water in Quezon and Bicol regions.
- Provide health services and prevent disease outbreaks.
- Safeguard vulnerable populations in evacuation centers.

All actions follow UN best-practice humanitarian response standards, prioritizing life-saving interventions, disease prevention, and rapid recovery."
cyclone_amphan_2020,Cyclone Amphan,2020,"India, Bangladesh, Sri Lanka",4500000,"Ideal Response Plan for Cyclone Amphan (2020)

Affected countries/territories: India, Bangladesh, Sri Lanka
Estimated population affected: 4,500,000

Key priorities:
- Shelter: Support 586,716 people with a budget of $5,500,000.
- Food Security: Support 1,004,609 people with a budget of $4,200,000.
- WASH: Support 733,639 people with a budget of $3,000,000.
- Health: Support 997,496 people with a budget of $2,500,000.
- Protection: Support 450,000 people with a budget of $2,000,000.

Sector-specific actions:
- Deploy emergency shelters for displaced families in West Bengal and Odisha.
- Distribute emergency food rations across Bangladesh and eastern India.
- Ensure access to clean water and sanitation in Kolkata and coastal areas.
- Provide immediate health services in cyclone-devastated communities.
- Safeguard vulnerable groups in evacuation shelters and displacement sites.

All actions follow UN best-practice humanitarian response standards, prioritizing life-saving interventions, disease prevention, and rapid recovery."
cyclone_freddy_2023,Cyclone Freddy,2023,"Mozambique, Madagascar, Malawi",1800000,"Ideal Response Plan for Cyclone Freddy (2023)

Affected countries/territories: Mozambique, Madagascar, Malawi
Estimated population affected: 1,800,000

Key priorities:
- WASH: Support 474,436 people with a budget of $3,500,000.
- Food Security: Support 677,523 people with a budget of $3,200,000.
- Shelter: Support 584,638 people with a budget of $2,500,000.
- Health: Support 303,832 people with a budget of $2,800,000.
- Protection: Support 250,000 people with a budget of $1,800,000.

Sector-specific actions:
- Ensure access to clean water and sanitation to prevent cholera outbreaks in Malawi and Mozambique.
- Distribute emergency food rations to millions affected across both countries.
- Deploy emergency shelters in Blantyre and Chikwawa districts.
- Provide immediate health services including mobile clinics in Nampula and Zambezia.
- Safeguard vulnerable groups and prevent gender-based violence in displacement sites.

All actions follow UN best-practice humanitarian response standards, prioritizing life-saving interventions, disease prevention, and rapid recovery."
typhoon_meranti_2016,Typhoon Meranti,2016,"Philippines, Taiwan, China",3200000,"Ideal Response Plan for Typhoon Meranti (2016)

Affected countries/territories: Philippines, Taiwan, China
Estimated population affected: 3,200,000

Key priorities:

Sector-specific actions:

All actions follow UN best-practice humanitarian response standards, prioritizing life-saving interventions, disease prevention, and rapid recovery."
cyclone_winston_2016,Cyclone Winston,2016,"Fiji, Tonga, Vanuatu",540000,"Ideal Response Plan for Cyclone Winston (2016)

Affected countries/territories: Fiji, Tonga, Vanuatu
Estimated population affected: 540,000

Key priorities:

Sector-specific actions:

All actions follow UN best-practice humanitarian response standards, prioritizing life-saving interventions, disease prevention, and rapid recovery."
typhoon_hagibis_2019,Typhoon Hagibis,2019,"Japan, Philippines",10000000,"Ideal Response Plan for Typhoon Hagibis (2019)

Affected countries/territories: Japan, Philippines
Estimated population affected: 10,000,000

Key priorities:

Sector-specific actions:

All actions follow UN best-practice humanitarian response standards, prioritizing life-saving interventions, disease prevention, and rapid recovery."
cyclone_yarin_2023,Cyclone Yarin,2023,"Australia, Indonesia",450000,"Ideal Response Plan for Cyclone Yarin (2023)

Affected countries/territories: Australia, Indonesia
Estimated population affected: 450,000

Key priorities:

Sector-specific actions:

All actions follow UN best-practice humanitarian response standards, prioritizing life-saving interventions, disease prevention, and rapid recovery."
typhoon_jebi_2018,Typhoon Jebi,2018,"Japan, South Korea",3200000,"Ideal Response Plan for Typhoon Jebi (2018)

Affected countries/territories: Japan, South Korea
Estimated population affected: 3,200,000

Key priorities:

Sector-specific actions:

All actions follow UN best-practice humanitarian response standards, prioritizing life-saving interventions, disease prevention, and rapid recovery."
cyclone_fani_2019,Cyclone Fani,2019,"India, Bangladesh, Sri Lanka",2800000,"Ideal Response Plan for Cyclone Fani (2019)

Affected countries/territories: India, Bangladesh, Sri Lanka
Estimated population affected: 2,800,000

Key priorities:

Sector-specific actions:

All actions follow UN best-practice humanitarian response standards, prioritizing life-saving interventions, disease prevention, and rapid recovery."
typhoon_lekima_2019,Typhoon Lekima,2019,"China, Taiwan, Philippines",5200000,"Ideal Response Plan for Typhoon Lekima (2019)

Affected countries/territories: China, Taiwan, Philippines
Estimated population affected: 5,200,000

Key priorities:

Sector-specific actions:

All actions follow UN best-practice humanitarian response standards, prioritizing life-saving interventions, disease prevention, and rapid recovery."
cyclone_taau_2016,Cyclone Taau,2016,"Samoa, Tonga, Fiji",180000,"Ideal Response Plan for Cyclone Taau (2016)

Affected countries/territories: Samoa, Tonga, Fiji
Estimated population affected: 180,000

Key priorities:

Sector-specific actions:

All actions follow UN best-practice humanitarian response standards, prioritizing life-saving interventions, disease prevention, and rapid recovery."
typhoon_rammasun_2014,Typhoon Rammasun,2014,"Philippines, China, Vietnam",3800000,"Ideal Response Plan for Typhoon Rammasun (2014)

Affected countries/territories: Philippines, China, Vietnam
Estimated population affected: 3,800,000

Key priorities:

Sector-specific actions:

All actions follow UN best-practice humanitarian response standards, prioritizing life-saving interventions, disease prevention, and rapid recovery."
cyclone_phailin_2013,Cyclone Phailin,2013,"India, Myanmar, Thailand",12000000,"Ideal Response Plan for Cyclone Phailin (2013)

Affected countries/territories: India, Myanmar, Thailand
Estimated population affected: 12,000,000

Key priorities:

Sector-specific actions:

All actions follow UN best-practice humanitarian response standards, prioritizing life-saving interventions, disease prevention, and rapid recovery."
typhoon_haikui_2012,Typhoon Haikui,2012,"China, Taiwan, Philippines",2800000,"Ideal Response Plan for Typhoon Haikui (2012)

Affected countries/territories: China, Taiwan, Philippines
Estimated population affected: 2,800,000

Key priorities:

Sector-specific actions:

All actions follow UN best-practice humanitarian response standards, prioritizing life-saving interventions, disease prevention, and rapid recovery."
cyclone_ocha_2015,Cyclone Ocha,2015,"Australia, Indonesia",320000,"Ideal Response Plan for Cyclone Ocha (2015)

Affected countries/territories: Australia, Indonesia
Estimated population affected: 320,000

Key priorities:

Sector-specific actions:

All actions follow UN best-practice humanitarian response standards, prioritizing life-saving interventions, disease prevention, and rapid recovery."
typhoon_chanthu_2021,Typhoon Chanthu,2021,"Philippines, China, Taiwan, South Korea",4200000,"Ideal Response Plan for Typhoon Chanthu (2021)

Affected countries/territories: Philippines, China, Taiwan, South Korea
Estimated population affected: 4,200,000

Key priorities:

Sector-specific actions:

All actions follow UN best-practice humanitarian response standards, prioritizing life-saving interventions, disease prevention, and rapid recovery."
cyclone_elena_2024,Cyclone Elena,2024,"Madagascar, Mozambique, Comoros",850000,"Ideal Response Plan for Cyclone Elena (2024)

Affected countries/territories: Madagascar, Mozambique, Comoros
Estimated population affected: 850,000

Key priorities:

Sector-specific actions:

All actions follow UN best-practice humanitarian response standards, prioritizing life-saving interventions, disease prevention, and rapid recovery."
typhoon_doksuri_2023,Typhoon Doksuri,2023,"Philippines, China, Taiwan",5800000,"Ideal Response Plan for Typhoon Doksuri (2023)

Affected countries/territories: Philippines, China, Taiwan
Estimated population affected: 5,800,000

Key priorities:

Sector-specific actions:

All actions follow UN best-practice humanitarian response standards, prioritizing life-saving interventions, disease prevention, and rapid recovery."
cyclone_ilona_2024,Cyclone Ilona,2024,"Australia, Timor-Leste",250000,"Ideal Response Plan for Cyclone Ilona (2024)

Affected countries/territories: Australia, Timor-Leste
Estimated population affected: 250,000

Key priorities:

Sector-specific actions:

All actions follow UN best-practice humanitarian response standards, prioritizing life-saving interventions, disease prevention, and rapid recovery."
typhoon_saola_2023,Typhoon Saola,2023,"Philippines, China, Hong Kong, Taiwan",4800000,"Ideal Response Plan for Typhoon Saola (2023)

Affected countries/territories: Philippines, China, Hong Kong, Taiwan
Estimated population affected: 4,800,000

Key priorities:

Sector-specific actions:

All actions follow UN best-practice humanitarian response standards, prioritizing life-saving interventions, disease prevention, and rapid recovery."
cyclone_tej_2023,Cyclone Tej,2023,"Oman, Yemen, Somalia",1200000,"Ideal Response Plan for Cyclone Tej (2023)

Affected countries/territories: Oman, Yemen, Somalia
Estimated population affected: 1,200,000

Key priorities:
- Shelter: Support 601,189 people with a budget of $3,200,000.
- Food Security: Support 929,720 people with a budget of $2,800,000.
- WASH: Support 477,254 people with a budget of $2,000,000.
- Health: Support 350,000 people with a budget of $1,500,000.
- Protection: Support 280,000 people with a budget of $1,200,000.

Sector-specific actions:
- Deploy emergency shelters in Dhofar and Al Wusta governorates.
- Distribute emergency food rations across Hadramaut and Somaliland.
- Ensure access to clean water in flood-affected areas.
- Provide immediate health services in remote affected communities.
- Safeguard vulnerable groups in displacement sites.

All actions follow UN best-practice humanitarian response standards, prioritizing life-saving interventions, disease prevention, and rapid recovery."
beryl_2024,Hurricane Beryl,2024,"Jamaica, Grenada, Barbados, United States, Mexico",3200000,"Ideal Response Plan for Hurricane Beryl (2024)

Affected countries/territories: Jamaica, Grenada, Barbados, United States, Mexico
Estimated population affected: 3,200,000

Key priorities:
- Shelter: Support 800,000 people with a budget of $3,500,000.
- Food Security: Support 400,000 people with a budget of $2,500,000.
- WASH: Support 350,000 people with a budget of $1,800,000.
- Health: Support 288,000 people with a budget of $1,500,000.
- Protection: Support 200,000 people with a budget of $1,200,000.

Sector-specific actions:
- Deploy emergency shelters in Grenada and Saint Vincent and the Grenadines where 70-98% of buildings were destroyed.
- Distribute emergency food rations and support agricultural recovery in Jamaica.
- Ensure access to clean water and sanitation across hurricane-affected Caribbean islands.
- Provide health services and restore damaged medical facilities in Grenada.
- Safeguard vulnerable groups especially women and children in evacuation shelters.

All actions follow UN best-practice humanitarian response standards, prioritizing life-saving interventions, disease prevention, and rapid recovery."
milton_2024,Hurricane Milton,2024,"United States, Cuba, Jamaica",4500000,"Ideal Response Plan for Hurricane Milton (2024)

Affected countries/territories: United States, Cuba, Jamaica
Estimated population affected: 4,500,000

Key priorities:
- Shelter: Support 1,500,000 people with a budget of $18,000,000.
- Food Security: Support 950,000 people with a budget of $9,500,000.
- Health: Support 750,000 people with a budget of $6,000,000.
- WASH: Support 500,000 people with a budget of $3,500,000.
- Protection: Support 400,000 people with a budget of $2,500,000.

Sector-specific actions:
- Deploy emergency shelters and support home repairs across Florida.
- Distribute emergency food rations and restore supply chains.
- Provide immediate health services and address tornado injury victims.
- Ensure access to clean water in storm-surge affected coastal areas.
- Safeguard vulnerable populations in mass evacuation shelters.

All actions follow UN best-practice humanitarian response standards, prioritizing life-saving interventions, disease prevention, and rapid recovery."
helene_2024,Hurricane Helene,2024,"United States, Bahamas",2800000,"Ideal Response Plan for Hurricane Helene (2024)

Affected countries/territories: United States, Bahamas
Estimated population affected: 2,800,000

Key priorities:
- Shelter: Support 900,000 people with a budget of $15,000,000.
- Food Security: Support 700,000 people with a budget of $8,500,000.
- Health: Support 500,000 people with a budget of $5,000,000.
- WASH: Support 400,000 people with a budget of $3,500,000.
- Protection: Support 300,000 people with a budget of $2,500,000.

Sector-specific actions:
- Deploy emergency shelters in western North Carolina and Big Bend Florida.
- Distribute food supplies to isolated mountain communities in Appalachia.
- Provide health services and restore access to damaged medical facilities.
- Ensure access to clean water in flood-devastated Asheville and surrounding areas.
- Safeguard vulnerable mountain communities cut off by catastrophic flooding.

All actions follow UN best-practice humanitarian response standards, prioritizing life-saving interventions, disease prevention, and rapid recovery."
melissa_2025,Hurricane Melissa,2025,"Jamaica, Cuba, Haiti, Dominican Republic",4200000,"Ideal Response Plan for Hurricane Melissa (2025)

Affected countries/territories: Jamaica, Cuba, Haiti, Dominican Republic
Estimated population affected: 4,200,000

Key priorities:
- Shelter: Support 1,800,000 people with a budget of $12,000,000.
- Food Security: Support 1,200,000 people with a budget of $8,500,000.
- Health: Support 900,000 people with a budget of $4,500,000.
- WASH: Support 700,000 people with a budget of $3,200,000.
- Protection: Support 500,000 people with a budget of $2,500,000.

Sector-specific actions:
- Deploy emergency shelters across Jamaica where 40-50% of hotels were damaged.
- Distribute emergency food to 900,000 people evacuated to shelters in Cuba.
- Provide health services and contain leptospirosis outbreak post-hurricane.
- Ensure access to clean water in Haiti where infrastructure was devastated.
- Safeguard thousands of displaced women and girls across the Caribbean.

All actions follow UN best-practice humanitarian response standards, prioritizing life-saving interventions, disease prevention, and rapid recovery."
erin_2025,Hurricane Erin,2025,United States,1800000,"Ideal Response Plan for Hurricane Erin (2025)

Affected countries/territories: United States
Estimated population affected: 1,800,000

Key priorities:
- Shelter: Support 500,000 people with a budget of $3,500,000.
- Protection: Support 400,000 people with a budget of $2,200,000.
- WASH: Support 300,000 people with a budget of $1,800,000.
- Health: Support 350,000 people with a budget of $1,500,000.
- Food Security: Support 250,000 people with a budget of $1,200,000.

Sector-specific actions:
- Deploy coastal evacuation shelters along U.S. East Coast.
- Safeguard vulnerable coastal communities from dangerous surf and storm surge.
- Ensure access to clean water in areas affected by coastal flooding.
- Provide health services for rip current and storm surge injuries.
- Distribute emergency food supplies to affected coastal communities.

All actions follow UN best-practice humanitarian response standards, prioritizing life-saving interventions, disease prevention, and rapid recovery."
humberto_2025,Hurricane Humberto,2025,Bermuda,65000,"Ideal Response Plan for Hurricane Humberto (2025)

Affected countries/territories: Bermuda
Estimated population affected: 65,000

Key priorities:
- Shelter: Support 35,000 people with a budget of $1,200,000.
- WASH: Support 20,000 people with a budget of $800,000.
- Health: Support 15,000 people with a budget of $600,000.
- Food Security: Support 10,000 people with a budget of $500,000.
- Protection: Support 8,000 people with a budget of $400,000.

Sector-specific actions:
- Deploy emergency shelters and support home repairs in Bermuda.
- Ensure access to clean water following storm surge damage.
- Provide health services for storm-related injuries.
- Distribute emergency food supplies during power outages.
- Safeguard vulnerable populations during tropical storm conditions.

All actions follow UN best-practice humanitarian response standards, prioritizing life-saving interventions, disease prevention, and rapid recovery."
gabrielle_2025,Hurricane Gabrielle,2025,"Azores, Spain, Portugal",850000,"Ideal Response Plan for Hurricane Gabrielle (2025)

Affected countries/territories: Azores, Spain, Portugal
Estimated population affected: 850,000

Key priorities:
- Shelter: Support 245,000 people with a budget of $3,500,000.
- WASH: Support 200,000 people with a budget of $2,200,000.
- Health: Support 180,000 people with a budget of $1,800,000.
- Protection: Support 150,000 people with a budget of $1,500,000.
- Food Security: Support 120,000 people with a budget of $1,200,000.

Sector-specific actions:
- Deploy emergency shelters in Azores where hurricane-force gusts reached 115 mph.
- Ensure access to clean water in flood-affected areas of Portugal.
- Provide health services across Terceira Island and mainland Portugal.
- Safeguard vulnerable populations in areas with collapsed infrastructure.
- Distribute emergency food supplies during prolonged power outages.

All actions follow UN best-practice humanitarian response standards, prioritizing life-saving interventions, disease prevention, and rapid recovery."
hanna_2020,Hurricane Hanna,2020,"Mexico, United States",329388,"Ideal Response Plan for Hurricane Hanna (2020)

Affected countries/territories: Mexico, United States
Estimated population affected: 329,388

Key priorities:
- Health: Support 32,939 people with a budget of $16,469,330.
- Food Security: Support 32,939 people with a budget of $16,469,330.
- Shelter: Support 29,645 people with a budget of $14,822,397.
- WASH: Support 24,704 people with a budget of $12,351,998.
- Protection: Support 16,470 people with a budget of $8,234,665.
- Education: Support 13,175 people with a budget of $6,587,732.
- Livelihoods: Support 11,528 people with a budget of $5,764,266.
- Energy: Support 3,294 people with a budget of $1,646,933.

Sector-specific actions:
- Provide immediate health services, including mobile clinics and medical supplies.
- Distribute emergency food rations and restore food supply chains.
- Deploy emergency shelters and repair homes for displaced families.
- Ensure access to clean water and sanitation to prevent disease outbreaks.
- Safeguard vulnerable groups and prevent exploitation and abuse.
- Reopen schools and provide learning materials for children.
- Support recovery of jobs and income-generating activities.
- Restore power and critical infrastructure for relief operations.

All actions follow UN best-practice humanitarian response standards, prioritizing life-saving interventions, disease prevention, and rapid recovery."
isaias_2020,Hurricane Isaias,2020,"Bahamas, Dominican Republic, United States",169084,"Ideal Response Plan for Hurricane Isaias (2020)

Affected countries/territories: Bahamas, Dominican Republic, United States
Estimated population affected: 169,084

Key priorities:
- Protection: Support 29,158 people with a budget of $14,578,934.
- Livelihoods: Support 20,411 people with a budget of $10,205,254.
- Health: Support 10,744 people with a budget of $5,371,645.
- Food Security: Support 8,036 people with a budget of $4,017,828.
- Energy: Support 5,832 people with a budget of $2,915,787.
- Shelter: Support 4,390 people with a budget of $2,194,960.
- WASH: Support 3,911 people with a budget of $1,955,699.
- Education: Support 2,060 people with a budget of $1,030,176.

Sector-specific actions:
- Safeguard vulnerable groups and prevent exploitation and abuse.
- Support recovery of jobs and income-generating activities.
- Provide immediate health services, including mobile clinics and medical supplies.
- Distribute emergency food rations and restore food supply chains.
- Restore power and critical infrastructure for relief operations.
- Deploy emergency shelters and repair homes for displaced families.
- Ensure access to clean water and sanitation to prevent disease outbreaks.
- Reopen schools and provide learning materials for children.

All actions follow UN best-practice humanitarian response standards, prioritizing life-saving interventions, disease prevention, and rapid recovery."
laura_2020,Hurricane Laura,2020,"Bahamas, Cuba, Dominican Republic, Mexico, United States",533424,"Ideal Response Plan for Hurricane Laura (2020)

Affected countries/territories: Bahamas, Cuba, Dominican Republic, Mexico, United States
Estimated population affected: 533,424

Key priorities:
- Protection: Support 47,375 people with a budget of $23,687,456.
- Health: Support 47,178 people with a budget of $23,588,689.
- Food Security: Support 44,470 people with a budget of $22,234,872.
- Shelter: Support 37,181 people with a budget of $18,590,299.
- Livelihoods: Support 33,163 people with a budget of $16,581,219.
- WASH: Support 31,237 people with a budget of $15,618,482.
- Education: Support 16,633 people with a budget of $8,316,994.
- Energy: Support 9,475 people with a budget of $4,737,491.

Sector-specific actions:
- Safeguard vulnerable groups and prevent exploitation and abuse.
- Provide immediate health services, including mobile clinics and medical supplies.
- Distribute emergency food rations and restore food supply chains.
- Deploy emergency shelters and repair homes for displaced families.
- Support recovery of jobs and income-generating activities.
- Ensure access to clean water and sanitation to prevent disease outbreaks.
- Reopen schools and provide learning materials for children.
- Restore power and critical infrastructure for relief operations.

All actions follow UN best-practice humanitarian response standards, prioritizing life-saving interventions, disease prevention, and rapid recovery."
marco_2020,Hurricane Marco,2020,"Honduras, Mexico, United States",512524,"Ideal Response Plan for Hurricane Marco (2020)

Affected countries/territories: Honduras, Mexico, United States
Estimated population affected: 512,524

Key priorities:
- Health: Support 52,268 people with a budget of $26,133,825.
- Food Security: Support 47,191 people with a budget of $23,595,221.
- Shelter: Support 47,041 people with a budget of $23,520,442.
- WASH: Support 39,201 people with a budget of $19,600,369.
- Protection: Support 26,134 people with a budget of $13,066,912.
- Education: Support 20,907 people with a budget of $10,453,530.
- Livelihoods: Support 18,293 people with a budget of $9,146,839.
- Energy: Support 5,227 people with a budget of $2,613,382.

Sector-specific actions:
- Provide immediate health services, including mobile clinics and medical supplies.
- Distribute emergency food rations and restore food supply chains.
- Deploy emergency shelters and repair homes for displaced families.
- Ensure access to clean water and sanitation to prevent disease outbreaks.
- Safeguard vulnerable groups and prevent exploitation and abuse.
- Reopen schools and provide learning materials for children.
- Support recovery of jobs and income-generating activities.
- Restore power and critical infrastructure for relief operations.

All actions follow UN best-practice humanitarian response standards, prioritizing life-saving interventions, disease prevention, and rapid recovery."
nana_2020,Hurricane Nana,2020,"Belize, Guatemala, Mexico",535142,"Ideal Response Plan for Hurricane Nana (2020)

Affected countries/territories: Belize, Guatemala, Mexico
Estimated population affected: 535,142

Key priorities:
- Health: Support 53,514 people with a budget of $26,757,104.
- Food Security: Support 53,514 people with a budget of $26,757,104.
- Shelter: Support 48,163 people with a budget of $24,081,394.
- WASH: Support 40,136 people with a budget of $20,067,828.
- Protection: Support 26,758 people with a budget of $13,378,552.
- Education: Support 21,405 people with a budget of $10,702,842.
- Livelihoods: Support 18,730 people with a budget of $9,364,986.
- Energy: Support 5,351 people with a budget of $2,675,710.

Sector-specific actions:
- Provide immediate health services, including mobile clinics and medical supplies.
- Distribute emergency food rations and restore food supply chains.
- Deploy emergency shelters and repair homes for displaced families.
- Ensure access to clean water and sanitation to prevent disease outbreaks.
- Safeguard vulnerable groups and prevent exploitation and abuse.
- Reopen schools and provide learning materials for children.
- Support recovery of jobs and income-generating activities.
- Restore power and critical infrastructure for relief operations.

All actions follow UN best-practice humanitarian response standards, prioritizing life-saving interventions, disease prevention, and rapid recovery."
paulette_2020,Hurricane Paulette,2020,Bermuda,6422,"Ideal Response Plan for Hurricane Paulette (2020)

Affected countries/territories: Bermuda
Estimated population affected: 6,422

Key priorities:
- Health: Support 642 people with a budget of $321,244.
- Food Security: Support 642 people with a budget of $321,244.
- Shelter: Support 578 people with a budget of $289,120.
- WASH: Support 482 people with a budget of $240,933.
- Protection: Support 321 people with a budget of $160,622.
- Education: Support 257 people with a budget of $128,498.
- Livelihoods: Support 225 people with a budget of $112,435.
- Energy: Support 64 people with a budget of $32,124.

Sector-specific actions:
- Provide immediate health services, including mobile clinics and medical supplies.
- Distribute emergency food rations and restore food supply chains.
- Deploy emergency shelters and repair homes for displaced families.
- Ensure access to clean water and sanitation to prevent disease outbreaks.
- Safeguard vulnerable groups and prevent exploitation and abuse.
- Reopen schools and provide learning materials for children.
- Support recovery of jobs and income-generating activities.
- Restore power and critical infrastructure for relief operations.

All actions follow UN best-practice humanitarian response standards, prioritizing life-saving interventions, disease prevention, and rapid recovery."
sally_2020,Hurricane Sally,2020,"Mexico, United States",329388,"Ideal Response Plan for Hurricane Sally (2020)

Affected countries/territories: Mexico, United States
Estimated population affected: 329,388

Key priorities:
- Health: Support 32,939 people with a budget of $16,469,330.
- Food Security: Support 32,939 people with a budget of $16,469,330.
- Shelter: Support 29,645 people with a budget of $14,822,397.
- WASH: Support 24,704 people with a budget of $12,351,998.
- Protection: Support 16,470 people with a budget of $8,234,665.
- Education: Support 13,175 people with a budget of $6,587,732.
- Livelihoods: Support 11,528 people with a budget of $5,764,266.
- Energy: Support 3,294 people with a budget of $1,646,933.

Sector-specific actions:
- Provide immediate health services, including mobile clinics and medical supplies.
- Distribute emergency food rations and restore food supply chains.
- Deploy emergency shelters and repair homes for displaced families.
- Ensure access to clean water and sanitation to prevent disease outbreaks.
- Safeguard vulnerable groups and prevent exploitation and abuse.
- Reopen schools and provide learning materials for children.
- Support recovery of jobs and income-generating activities.
- Restore power and critical infrastructure for relief operations.

All actions follow UN best-practice humanitarian response standards, prioritizing life-saving interventions, disease prevention, and rapid recovery."
teddy_2020,Hurricane Teddy,2020,Canada,734948,"Ideal Response Plan for Hurricane Teddy (2020)

Affected countries/territories: Canada
Estimated population affected: 734,948

Key priorities:
- Energy: Support 160,699 people with a budget of $80,349,513.
- Food Security: Support 103,676 people with a budget of $51,838,074.
- Health: Support 39,291 people with a budget of $19,645,992.
- Shelter: Support 20,896 people with a budget of $10,448,038.
- Protection: Support 17,627 people with a budget of $8,813,503.
- WASH: Support 9,899 people with a budget of $4,949,563.
- Education: Support 7,911 people with a budget of $3,955,476.
- Livelihoods: Support 7,475 people with a budget of $3,737,528.

Sector-specific actions:
- Restore power and critical infrastructure for relief operations.
- Distribute emergency food rations and restore food supply chains.
- Provide immediate health services, including mobile clinics and medical supplies.
- Deploy emergency shelters and repair homes for displaced families.
- Safeguard vulnerable groups and prevent exploitation and abuse.
- Ensure access to clean water and sanitation to prevent disease outbreaks.
- Reopen schools and provide learning materials for children.
- Support recovery of jobs and income-generating activities.

All actions follow UN best-practice humanitarian response standards, prioritizing life-saving interventions, disease prevention, and rapid recovery."
gamma_2020,Hurricane Gamma,2020,Mexico,315810,"Ideal Response Plan for Hurricane Gamma (2020)

Affected countries/territories: Mexico
Estimated population affected: 315,810

Key priorities:
- Health: Support 31,581 people with a budget of $15,790,556.
- Food Security: Support 31,581 people with a budget of $15,790,556.
- Shelter: Support 28,423 people with a budget of $14,211,500.
- WASH: Support 23,686 people with a budget of $11,842,917.
- Protection: Support 15,791 people with a budget of $7,895,278.
- Education: Support 12,632 people with a budget of $6,316,222.
- Livelihoods: Support 11,053 people with a budget of $5,526,695.
- Energy: Support 3,158 people with a budget of $1,579,056.

Sector-specific actions:
- Provide immediate health services, including mobile clinics and medical supplies.
- Distribute emergency food rations and restore food supply chains.
- Deploy emergency shelters and repair homes for displaced families.
- Ensure access to clean water and sanitation to prevent disease outbreaks.
- Safeguard vulnerable groups and prevent exploitation and abuse.
- Reopen schools and provide learning materials for children.
- Support recovery of jobs and income-generating activities.
- Restore power and critical infrastructure for relief operations.

All actions follow UN best-practice humanitarian response standards, prioritizing life-saving interventions, disease prevention, and rapid recovery."
delta_2020,Hurricane Delta,2020,"Mexico, United States",329388,"Ideal Response Plan for Hurricane Delta (2020)

Affected countries/territories: Mexico, United States
Estimated population affected: 329,388

Key priorities:
- Health: Support 32,939 people with a budget of $16,469,330.
- Food Security: Support 32,939 people with a budget of $16,469,330.
- Shelter: Support 29,645 people with a budget of $14,822,397.
- WASH: Support 24,704 people with a budget of $12,351,998.
- Protection: Support 16,470 people with a budget of $8,234,665.
- Education: Support 13,175 people with a budget of $6,587,732.
- Livelihoods: Support 11,528 people with a budget of $5,764,266.
- Energy: Support 3,294 people with a budget of $1,646,933.

Sector-specific actions:
- Provide immediate health services, including mobile clinics and medical supplies.
- Distribute emergency food rations and restore food supply chains.
- Deploy emergency shelters and repair homes for displaced families.
- Ensure access to clean water and sanitation to prevent disease outbreaks.
- Safeguard vulnerable groups and prevent exploitation and abuse.
- Reopen schools and provide learning materials for children.
- Support recovery of jobs and income-generating activities.
- Restore power and critical infrastructure for relief operations.

All actions follow UN best-practice humanitarian response standards, prioritizing life-saving interventions, disease prevention, and rapid recovery."
epsilon_2020,Hurricane Epsilon,2020,Canada,734948,"Ideal Response Plan for Hurricane Epsilon (2020)

Affected countries/territories: Canada
Estimated population affected: 734,948

Key priorities:
- Energy: Support 160,699 people with a budget of $80,349,513.
- Food Security: Support 103,676 people with a budget of $51,838,074.
- Health: Support 39,291 people with a budget of $19,645,992.
- Shelter: Support 20,896 people with a budget of $10,448,038.
- Protection: Support 17,627 people with a budget of $8,813,503.
- WASH: Support 9,899 people with a budget of $4,949,563.
- Education: Support 7,911 people with a budget of $3,955,476.
- Livelihoods: Support 7,475 people with a budget of $3,737,528.

Sector-specific actions:
- Restore power and critical infrastructure for relief operations.
- Distribute emergency food rations and restore food supply chains.
- Provide immediate health services, including mobile clinics and medical supplies.
- Deploy emergency shelters and repair homes for displaced families.
- Safeguard vulnerable groups and prevent exploitation and abuse.
- Ensure access to clean water and sanitation to prevent disease outbreaks.
- Reopen schools and provide learning materials for children.
- Support recovery of jobs and income-generating activities.

All actions follow UN best-practice humanitarian response standards, prioritizing life-saving interventions, disease prevention, and rapid recovery."
zeta_2020,Hurricane Zeta,2020,"Mexico, United States",329388,"Ideal Response Plan for Hurricane Zeta (2020)

Affected countries/territories: Mexico, United States
Estimated population affected: 329,388

Key priorities:
- Health: Support 32,939 people with a budget of $16,469,330.
- Food Security: Support 32,939 people with a budget of $16,469,330.
- Shelter: Support 29,645 people with a budget of $14,822,397.
- WASH: Support 24,704 people with a budget of $12,351,998.
- Protection: Support 16,470 people with a budget of $8,234,665.
- Education: Support 13,175 people with a budget of $6,587,732.
- Livelihoods: Support 11,528 people with a budget of $5,764,266.
- Energy: Support 3,294 people with a budget of $1,646,933.

Sector-specific actions:
- Provide immediate health services, including mobile clinics and medical supplies.
- Distribute emergency food rations and restore food supply chains.
- Deploy emergency shelters and repair homes for displaced families.
- Ensure access to clean water and sanitation to prevent disease outbreaks.
- Safeguard vulnerable groups and prevent exploitation and abuse.
- Reopen schools and provide learning materials for children.
- Support recovery of jobs and income-generating activities.
- Restore power and critical infrastructure for relief operations.

All actions follow UN best-practice humanitarian response standards, prioritizing life-saving interventions, disease prevention, and rapid recovery."
eta_2020,Hurricane Eta,2020,"Bahamas, Cuba, Honduras, Nicaragua, United States",282792,"Ideal Response Plan for Hurricane Eta (2020)

Affected countries/territories: Bahamas, Cuba, Honduras, Nicaragua, United States
Estimated population affected: 282,792

Key priorities:
- Health: Support 29,294 people with a budget of $14,647,103.
- Shelter: Support 26,365 people with a budget of $13,182,393.
- Food Security: Support 24,217 people with a budget of $12,108,499.
- WASH: Support 21,971 people with a budget of $10,985,327.
- Protection: Support 14,647 people with a budget of $7,323,551.
- Education: Support 11,718 people with a budget of $5,858,841.
- Livelihoods: Support 10,254 people with a budget of $5,126,486.
- Energy: Support 2,930 people with a budget of $1,464,710.

Sector-specific actions:
- Provide immediate health services, including mobile clinics and medical supplies.
- Deploy emergency shelters and repair homes for displaced families.
- Distribute emergency food rations and restore food supply chains.
- Ensure access to clean water and sanitation to prevent disease outbreaks.
- Safeguard vulnerable groups and prevent exploitation and abuse.
- Reopen schools and provide learning materials for children.
- Support recovery of jobs and income-generating activities.
- Restore power and critical infrastructure for relief operations.

All actions follow UN best-practice humanitarian response standards, prioritizing life-saving interventions, disease prevention, and rapid recovery."
iota_2020,Hurricane Iota,2020,"Honduras, Nicaragua",193012,"Ideal Response Plan for Hurricane Iota (2020)

Affected countries/territories: Honduras, Nicaragua
Estimated population affected: 193,012

Key priorities:
- Health: Support 20,316 people with a budget of $10,158,239.
- Shelter: Support 18,285 people with a budget of $9,142,415.
- Food Security: Support 15,239 people with a budget of $7,619,635.
- WASH: Support 15,238 people with a budget of $7,618,679.
- Protection: Support 10,158 people with a budget of $5,079,119.
- Education: Support 8,127 people with a budget of $4,063,296.
- Livelihoods: Support 7,111 people with a budget of $3,555,384.
- Energy: Support 2,032 people with a budget of $1,015,824.

Sector-specific actions:
- Provide immediate health services, including mobile clinics and medical supplies.
- Deploy emergency shelters and repair homes for displaced families.
- Distribute emergency food rations and restore food supply chains.
- Ensure access to clean water and sanitation to prevent disease outbreaks.
- Safeguard vulnerable groups and prevent exploitation and abuse.
- Reopen schools and provide learning materials for children.
- Support recovery of jobs and income-generating activities.
- Restore power and critical infrastructure for relief operations.

All actions follow UN best-practice humanitarian response standards, prioritizing life-saving interventions, disease prevention, and rapid recovery."
elsa_2021,Hurricane Elsa,2021,"Cuba, United States",12328,"Ideal Response Plan for Hurricane Elsa (2021)

Affected countries/territories: Cuba, United States
Estimated population affected: 12,328

Key priorities:
- Health: Support 1,233 people with a budget of $616,572.
- Food Security: Support 1,233 people with a budget of $616,572.
- Shelter: Support 1,109 people with a budget of $554,915.
- WASH: Support 925 people with a budget of $462,429.
- Protection: Support 616 people with a budget of $308,286.
- Education: Support 493 people with a budget of $246,629.
- Livelihoods: Support 432 people with a budget of $215,800.
- Energy: Support 123 people with a budget of $61,657.

Sector-specific actions:
- Provide immediate health services, including mobile clinics and medical supplies.
- Distribute emergency food rations and restore food supply chains.
- Deploy emergency shelters and repair homes for displaced families.
- Ensure access to clean water and sanitation to prevent disease outbreaks.
- Safeguard vulnerable groups and prevent exploitation and abuse.
- Reopen schools and provide learning materials for children.
- Support recovery of jobs and income-generating activities.
- Restore power and critical infrastructure for relief operations.

All actions follow UN best-practice humanitarian response standards, prioritizing life-saving interventions, disease prevention, and rapid recovery."
grace_2021,Hurricane Grace,2021,"Dominican Republic, Jamaica, Mexico",581256,"Ideal Response Plan for Hurricane Grace (2021)

Affected countries/territories: Dominican Republic, Jamaica, Mexico
Estimated population affected: 581,256

Key priorities:
- Health: Support 58,125 people with a budget of $29,062,887.
- Food Security: Support 58,125 people with a budget of $29,062,887.
- Shelter: Support 52,313 people with a budget of $26,156,598.
- WASH: Support 43,595 people with a budget of $21,797,165.
- Protection: Support 29,063 people with a budget of $14,531,443.
- Education: Support 23,251 people with a budget of $11,625,155.
- Livelihoods: Support 20,344 people with a budget of $10,172,010.
- Energy: Support 5,812 people with a budget of $2,906,289.

Sector-specific actions:
- Provide immediate health services, including mobile clinics and medical supplies.
- Distribute emergency food rations and restore food supply chains.
- Deploy emergency shelters and repair homes for displaced families.
- Ensure access to clean water and sanitation to prevent disease outbreaks.
- Safeguard vulnerable groups and prevent exploitation and abuse.
- Reopen schools and provide learning materials for children.
- Support recovery of jobs and income-generating activities.
- Restore power and critical infrastructure for relief operations.

All actions follow UN best-practice humanitarian response standards, prioritizing life-saving interventions, disease prevention, and rapid recovery."
henri_2021,Hurricane Henri,2021,United States,1702,"Ideal Response Plan for Hurricane Henri (2021)

Affected countries/territories: United States
Estimated population affected: 1,702

Key priorities:
- Health: Support 170 people with a budget of $85,200.
- Food Security: Support 170 people with a budget of $85,200.
- Shelter: Support 153 people with a budget of $76,680.
- WASH: Support 128 people with a budget of $63,900.
- Protection: Support 85 people with a budget of $42,600.
- Education: Support 68 people with a budget of $34,080.
- Livelihoods: Support 60 people with a budget of $29,820.
- Energy: Support 17 people with a budget of $8,520.

Sector-specific actions:
- Provide immediate health services, including mobile clinics and medical supplies.
- Distribute emergency food rations and restore food supply chains.
- Deploy emergency shelters and repair homes for displaced families.
- Ensure access to clean water and sanitation to prevent disease outbreaks.
- Safeguard vulnerable groups and prevent exploitation and abuse.
- Reopen schools and provide learning materials for children.
- Support recovery of jobs and income-generating activities.
- Restore power and critical infrastructure for relief operations.

All actions follow UN best-practice humanitarian response standards, prioritizing life-saving interventions, disease prevention, and rapid recovery."
larry_2021,Hurricane Larry,2021,Canada,825380,"Ideal Response Plan for Hurricane Larry (2021)

Affected countries/territories: Canada
Estimated population affected: 825,380

Key priorities:
- Energy: Support 211,976 people with a budget of $105,988,239.
- Food Security: Support 73,513 people with a budget of $36,756,331.
- Health: Support 54,082 people with a budget of $27,040,915.
- Protection: Support 37,299 people with a budget of $18,649,743.
- WASH: Support 13,462 people with a budget of $6,730,859.
- Education: Support 12,013 people with a budget of $6,006,732.
- Shelter: Support 7,151 people with a budget of $3,575,513.
- Livelihoods: Support 3,194 people with a budget of $1,596,773.

Sector-specific actions:
- Restore power and critical infrastructure for relief operations.
- Distribute emergency food rations and restore food supply chains.
- Provide immediate health services, including mobile clinics and medical supplies.
- Safeguard vulnerable groups and prevent exploitation and abuse.
- Ensure access to clean water and sanitation to prevent disease outbreaks.
- Reopen schools and provide learning materials for children.
- Deploy emergency shelters and repair homes for displaced families.
- Support recovery of jobs and income-generating activities.

All actions follow UN best-practice humanitarian response standards, prioritizing life-saving interventions, disease prevention, and rapid recovery."
nicholas_2021,Hurricane Nicholas,2021,"Mexico, United States",497844,"Ideal Response Plan for Hurricane Nicholas (2021)

Affected countries/territories: Mexico, United States
Estimated population affected: 497,844

Key priorities:
- Health: Support 49,784 people with a budget of $24,892,358.
- Food Security: Support 49,784 people with a budget of $24,892,358.
- Shelter: Support 44,806 people with a budget of $22,403,122.
- WASH: Support 37,339 people with a budget of $18,669,268.
- Protection: Support 24,892 people with a budget of $12,446,179.
- Education: Support 19,914 people with a budget of $9,956,943.
- Livelihoods: Support 17,425 people with a budget of $8,712,325.
- Energy: Support 4,978 people with a budget of $2,489,236.

Sector-specific actions:
- Provide immediate health services, including mobile clinics and medical supplies.
- Distribute emergency food rations and restore food supply chains.
- Deploy emergency shelters and repair homes for displaced families.
- Ensure access to clean water and sanitation to prevent disease outbreaks.
- Safeguard vulnerable groups and prevent exploitation and abuse.
- Reopen schools and provide learning materials for children.
- Support recovery of jobs and income-generating activities.
- Restore power and critical infrastructure for relief operations.

All actions follow UN best-practice humanitarian response standards, prioritizing life-saving interventions, disease prevention, and rapid recovery."
bonnie_2022,Hurricane Bonnie,2022,Nicaragua,20112,"Ideal Response Plan for Hurricane Bonnie (2022)

Affected countries/territories: Nicaragua
Estimated population affected: 20,112

Key priorities:
- Health: Support 2,011 people with a budget of $1,005,653.
- Food Security: Support 2,011 people with a budget of $1,005,653.
- Shelter: Support 1,810 people with a budget of $905,088.
- WASH: Support 1,508 people with a budget of $754,240.
- Protection: Support 1,006 people with a budget of $502,826.
- Education: Support 805 people with a budget of $402,261.
- Livelihoods: Support 704 people with a budget of $351,978.
- Energy: Support 201 people with a budget of $100,565.

Sector-specific actions:
- Provide immediate health services, including mobile clinics and medical supplies.
- Distribute emergency food rations and restore food supply chains.
- Deploy emergency shelters and repair homes for displaced families.
- Ensure access to clean water and sanitation to prevent disease outbreaks.
- Safeguard vulnerable groups and prevent exploitation and abuse.
- Reopen schools and provide learning materials for children.
- Support recovery of jobs and income-generating activities.
- Restore power and critical infrastructure for relief operations.

All actions follow UN best-practice humanitarian response standards, prioritizing life-saving interventions, disease prevention, and rapid recovery."
earl_2022,Hurricane Earl,2022,Canada,807244,"Ideal Response Plan for Hurricane Earl (2022)

Affected countries/territories: Canada
Estimated population affected: 807,244

Key priorities:
- Energy: Support 146,830 people with a budget of $73,415,202.
- Food Security: Support 127,543 people with a budget of $63,771,266.
- Health: Support 49,279 people with a budget of $24,639,390.
- Education: Support 30,023 people with a budget of $15,011,476.
- Protection: Support 26,683 people with a budget of $13,341,654.
- Shelter: Support 15,169 people with a budget of $7,584,646.
- WASH: Support 4,355 people with a budget of $2,177,346.
- Livelihoods: Support 3,740 people with a budget of $1,869,912.

Sector-specific actions:
- Restore power and critical infrastructure for relief operations.
- Distribute emergency food rations and restore food supply chains.
- Provide immediate health services, including mobile clinics and medical supplies.
- Reopen schools and provide learning materials for children.
- Safeguard vulnerable groups and prevent exploitation and abuse.
- Deploy emergency shelters and repair homes for displaced families.
- Ensure access to clean water and sanitation to prevent disease outbreaks.
- Support recovery of jobs and income-generating activities.

All actions follow UN best-practice humanitarian response standards, prioritizing life-saving interventions, disease prevention, and rapid recovery."
julia_2022,Hurricane Julia,2022,"Guatemala, Nicaragua",173220,"Ideal Response Plan for Hurricane Julia (2022)

Affected countries/territories: Guatemala, Nicaragua
Estimated population affected: 173,220

Key priorities:
- Health: Support 17,028 people with a budget of $8,514,030.
- Food Security: Support 17,028 people with a budget of $8,514,030.
- Shelter: Support 15,325 people with a budget of $7,662,627.
- WASH: Support 14,240 people with a budget of $7,120,156.
- Protection: Support 8,514 people with a budget of $4,257,015.
- Education: Support 6,812 people with a budget of $3,405,612.
- Livelihoods: Support 5,960 people with a budget of $2,979,910.
- Energy: Support 1,703 people with a budget of $851,403.

Sector-specific actions:
- Provide immediate health services, including mobile clinics and medical supplies.
- Distribute emergency food rations and restore food supply chains.
- Deploy emergency shelters and repair homes for displaced families.
- Ensure access to clean water and sanitation to prevent disease outbreaks.
- Safeguard vulnerable groups and prevent exploitation and abuse.
- Reopen schools and provide learning materials for children.
- Support recovery of jobs and income-generating activities.
- Restore power and critical infrastructure for relief operations.

All actions follow UN best-practice humanitarian response standards, prioritizing life-saving interventions, disease prevention, and rapid recovery."
lisa_2022,Hurricane Lisa,2022,"Belize, Guatemala, Mexico",440410,"Ideal Response Plan for Hurricane Lisa (2022)

Affected countries/territories: Belize, Guatemala, Mexico
Estimated population affected: 440,410

Key priorities:
- Health: Support 43,747 people with a budget of $21,873,599.
- Food Security: Support 43,747 people with a budget of $21,873,599.
- Shelter: Support 39,372 people with a budget of $19,686,239.
- WASH: Support 34,280 people with a budget of $17,139,832.
- Protection: Support 21,873 people with a budget of $10,936,799.
- Education: Support 17,499 people with a budget of $8,749,439.
- Livelihoods: Support 15,312 people with a budget of $7,655,760.
- Energy: Support 4,375 people with a budget of $2,187,360.

Sector-specific actions:
- Provide immediate health services, including mobile clinics and medical supplies.
- Distribute emergency food rations and restore food supply chains.
- Deploy emergency shelters and repair homes for displaced families.
- Ensure access to clean water and sanitation to prevent disease outbreaks.
- Safeguard vulnerable groups and prevent exploitation and abuse.
- Reopen schools and provide learning materials for children.
- Support recovery of jobs and income-generating activities.
- Restore power and critical infrastructure for relief operations.

All actions follow UN best-practice humanitarian response standards, prioritizing life-saving interventions, disease prevention, and rapid recovery."
nicole_2022,Hurricane Nicole,2022,"Bahamas, United States",36988,"Ideal Response Plan for Hurricane Nicole (2022)

Affected countries/territories: Bahamas, United States
Estimated population affected: 36,988

Key priorities:
- Health: Support 3,699 people with a budget of $1,849,513.
- Food Security: Support 3,699 people with a budget of $1,849,513.
- Shelter: Support 3,329 people with a budget of $1,664,562.
- WASH: Support 2,774 people with a budget of $1,387,135.
- Protection: Support 1,850 people with a budget of $924,756.
- Education: Support 1,480 people with a budget of $739,805.
- Livelihoods: Support 1,295 people with a budget of $647,329.
- Energy: Support 368 people with a budget of $183,990.

Sector-specific actions:
- Provide immediate health services, including mobile clinics and medical supplies.
- Distribute emergency food rations and restore food supply chains.
- Deploy emergency shelters and repair homes for displaced families.
- Ensure access to clean water and sanitation to prevent disease outbreaks.
- Safeguard vulnerable groups and prevent exploitation and abuse.
- Reopen schools and provide learning materials for children.
- Support recovery of jobs and income-generating activities.
- Restore power and critical infrastructure for relief operations.

All actions follow UN best-practice humanitarian response standards, prioritizing life-saving interventions, disease prevention, and rapid recovery."
franklin_2023,Hurricane Franklin,2023,Dominican Republic,254600,"Ideal Response Plan for Hurricane Franklin (2023)

Affected countries/territories: Dominican Republic
Estimated population affected: 254,600

Key priorities:
- Health: Support 25,460 people with a budget of $12,729,928.
- Food Security: Support 25,460 people with a budget of $12,729,928.
- Shelter: Support 22,914 people with a budget of $11,456,936.
- WASH: Support 19,095 people with a budget of $9,547,446.
- Protection: Support 12,730 people with a budget of $6,364,964.
- Education: Support 10,184 people with a budget of $5,091,971.
- Livelihoods: Support 8,911 people with a budget of $4,455,475.
- Energy: Support 2,546 people with a budget of $1,272,993.

Sector-specific actions:
- Provide immediate health services, including mobile clinics and medical supplies.
- Distribute emergency food rations and restore food supply chains.
- Deploy emergency shelters and repair homes for displaced families.
- Ensure access to clean water and sanitation to prevent disease outbreaks.
- Safeguard vulnerable groups and prevent exploitation and abuse.
- Reopen schools and provide learning materials for children.
- Support recovery of jobs and income-generating activities.
- Restore power and critical infrastructure for relief operations.

All actions follow UN best-practice humanitarian response standards, prioritizing life-saving interventions, disease prevention, and rapid recovery."
idalia_2023,Hurricane Idalia,2023,"Mexico, United States",193902,"Ideal Response Plan for Hurricane Idalia (2023)

Affected countries/territories: Mexico, United States
Estimated population affected: 193,902

Key priorities:
- Health: Support 19,390 people with a budget of $9,695,194.
- Food Security: Support 19,390 people with a budget of $9,695,194.
- Shelter: Support 17,451 people with a budget of $8,725,674.
- WASH: Support 14,543 people with a budget of $7,271,395.
- Protection: Support 9,695 people with a budget of $4,847,597.
- Education: Support 7,756 people with a budget of $3,878,077.
- Livelihoods: Support 6,787 people with a budget of $3,393,318.
- Energy: Support 1,939 people with a budget of $969,519.

Sector-specific actions:
- Provide immediate health services, including mobile clinics and medical supplies.
- Distribute emergency food rations and restore food supply chains.
- Deploy emergency shelters and repair homes for displaced families.
- Ensure access to clean water and sanitation to prevent disease outbreaks.
- Safeguard vulnerable groups and prevent exploitation and abuse.
- Reopen schools and provide learning materials for children.
- Support recovery of jobs and income-generating activities.
- Restore power and critical infrastructure for relief operations.

All actions follow UN best-practice humanitarian response standards, prioritizing life-saving interventions, disease prevention, and rapid recovery."
lee_2023,Hurricane Lee,2023,"Canada, United States",451492,"Ideal Response Plan for Hurricane Lee (2023)

Affected countries/territories: Canada, United States
Estimated population affected: 451,492

Key priorities:
- Food Security: Support 51,184 people with a budget of $25,591,901.
- Health: Support 49,784 people with a budget of $24,892,092.
- Livelihoods: Support 41,866 people with a budget of $20,932,945.
- Protection: Support 34,286 people with a budget of $17,143,061.
- Shelter: Support 16,710 people with a budget of $8,354,784.
- WASH: Support 14,150 people with a budget of $7,075,201.
- Energy: Support 11,962 people with a budget of $5,980,842.
- Education: Support 5,804 people with a budget of $2,902,050.

Sector-specific actions:
- Distribute emergency food rations and restore food supply chains.
- Provide immediate health services, including mobile clinics and medical supplies.
- Support recovery of jobs and income-generating activities.
- Safeguard vulnerable groups and prevent exploitation and abuse.
- Deploy emergency shelters and repair homes for displaced families.
- Ensure access to clean water and sanitation to prevent disease outbreaks.
- Restore power and critical infrastructure for relief operations.
- Reopen schools and provide learning materials for children.

All actions follow UN best-practice humanitarian response standards, prioritizing life-saving interventions, disease prevention, and rapid recovery."
debby_2024,Hurricane Debby,2024,United States,10064,"Ideal Response Plan for Hurricane Debby (2024)

Affected countries/territories: United States
Estimated population affected: 10,064

Key priorities:
- Health: Support 1,006 people with a budget of $503,181.
- Food Security: Support 1,006 people with a budget of $503,181.
- Shelter: Support 906 people with a budget of $452,863.
- WASH: Support 755 people with a budget of $377,386.
- Protection: Support 503 people with a budget of $251,591.
- Education: Support 403 people with a budget of $201,272.
- Livelihoods: Support 352 people with a budget of $176,113.
- Energy: Support 101 people with a budget of $50,318.

Sector-specific actions:
- Provide immediate health services, including mobile clinics and medical supplies.
- Distribute emergency food rations and restore food supply chains.
- Deploy emergency shelters and repair homes for displaced families.
- Ensure access to clean water and sanitation to prevent disease outbreaks.
- Safeguard vulnerable groups and prevent exploitation and abuse.
- Reopen schools and provide learning materials for children.
- Support recovery of jobs and income-generating activities.
- Restore power and critical infrastructure for relief operations.

All actions follow UN best-practice humanitarian response standards, prioritizing life-saving interventions, disease prevention, and rapid recovery."
ernesto_2024,Hurricane Ernesto,2024,Bermuda,16800,"Ideal Response Plan for Hurricane Ernesto (2024)

Affected countries/territories: Bermuda
Estimated population affected: 16,800

Key priorities:
- Health: Support 1,680 people with a budget of $839,983.
- Food Security: Support 1,680 people with a budget of $839,983.
- Shelter: Support 1,512 people with a budget of $755,985.
- WASH: Support 1,260 people with a budget of $629,987.
- Protection: Support 840 people with a budget of $419,992.
- Education: Support 672 people with a budget of $335,993.
- Livelihoods: Support 588 people with a budget of $293,994.
- Energy: Support 168 people with a budget of $83,998.

Sector-specific actions:
- Provide immediate health services, including mobile clinics and medical supplies.
- Distribute emergency food rations and restore food supply chains.
- Deploy emergency shelters and repair homes for displaced families.
- Ensure access to clean water and sanitation to prevent disease outbreaks.
- Safeguard vulnerable groups and prevent exploitation and abuse.
- Reopen schools and provide learning materials for children.
- Support recovery of jobs and income-generating activities.
- Restore power and critical infrastructure for relief operations.

All actions follow UN best-practice humanitarian response standards, prioritizing life-saving interventions, disease prevention, and rapid recovery."
francine_2024,Hurricane Francine,2024,"Mexico, United States",222932,"Ideal Response Plan for Hurricane Francine (2024)

Affected countries/territories: Mexico, United States
Estimated population affected: 222,932

Key priorities:
- Health: Support 22,293 people with a budget of $11,146,632.
- Food Security: Support 22,293 people with a budget of $11,146,632.
- Shelter: Support 20,064 people with a budget of $10,031,969.
- WASH: Support 16,720 people with a budget of $8,359,974.
- Protection: Support 11,146 people with a budget of $5,573,316.
- Education: Support 8,918 people with a budget of $4,458,653.
- Livelihoods: Support 7,802 people with a budget of $3,901,321.
- Energy: Support 2,230 people with a budget of $1,114,663.

Sector-specific actions:
- Provide immediate health services, including mobile clinics and medical supplies.
- Distribute emergency food rations and restore food supply chains.
- Deploy emergency shelters and repair homes for displaced families.
- Ensure access to clean water and sanitation to prevent disease outbreaks.
- Safeguard vulnerable groups and prevent exploitation and abuse.
- Reopen schools and provide learning materials for children.
- Support recovery of jobs and income-generating activities.
- Restore power and critical infrastructure for relief operations.

All actions follow UN best-practice humanitarian response standards, prioritizing life-saving interventions, disease prevention, and rapid recovery."
oscar_2024,Hurricane Oscar,2024,"Bahamas, Cuba",78156,"Ideal Response Plan for Hurricane Oscar (2024)

Affected countries/territories: Bahamas, Cuba
Estimated population affected: 78,156

Key priorities:
- Health: Support 7,816 people with a budget of $3,907,872.
- Food Security: Support 7,816 people with a budget of $3,907,872.
- Shelter: Support 7,035 people with a budget of $3,517,085.
- WASH: Support 5,862 people with a budget of $2,930,904.
- Protection: Support 3,907 people with a budget of $1,953,936.
- Education: Support 3,126 people with a budget of $1,563,149.
- Livelihoods: Support 2,735 people with a budget of $1,367,755.
- Energy: Support 781 people with a budget of $390,787.

Sector-specific actions:
- Provide immediate health services, including mobile clinics and medical supplies.
- Distribute emergency food rations and restore food supply chains.
- Deploy emergency shelters and repair homes for displaced families.
- Ensure access to clean water and sanitation to prevent disease outbreaks.
- Safeguard vulnerable groups and prevent exploitation and abuse.
- Reopen schools and provide learning materials for children.
- Support recovery of jobs and income-generating activities.
- Restore power and critical infrastructure for relief operations.

All actions follow UN best-practice humanitarian response standards, prioritizing life-saving interventions, disease prevention, and rapid recovery."
rafael_2024,Hurricane Rafael,2024,Cuba,72328,"Ideal Response Plan for Hurricane Rafael (2024)

Affected countries/territories: Cuba
Estimated population affected: 72,328

Key priorities:
- Health: Support 7,233 people with a budget of $3,616,423.
- Food Security: Support 7,233 people with a budget of $3,616,423.
- Shelter: Support 6,510 people with a budget of $3,254,781.
- WASH: Support 5,425 people with a budget of $2,712,318.
- Protection: Support 3,616 people with a budget of $1,808,212.
- Education: Support 2,893 people with a budget of $1,446,569.
- Livelihoods: Support 2,531 people with a budget of $1,265,748.
- Energy: Support 723 people with a budget of $361,642.

Sector-specific actions:
- Provide immediate health services, including mobile clinics and medical supplies.
- Distribute emergency food rations and restore food supply chains.
- Deploy emergency shelters and repair homes for displaced families.
- Ensure access to clean water and sanitation to prevent disease outbreaks.
- Safeguard vulnerable groups and prevent exploitation and abuse.
- Reopen schools and provide learning materials for children.
- Support recovery of jobs and income-generating activities.
- Restore power and critical infrastructure for relief operations.

All actions follow UN best-practice humanitarian response standards, prioritizing life-saving interventions, disease prevention, and rapid recovery."
dexter_2025,Hurricane Dexter,2025,United States,868,"Ideal Response Plan for Hurricane Dexter (2025)

Affected countries/territories: United States
Estimated population affected: 868

Key priorities:
- Health: Support 87 people with a budget of $43,476.
- Food Security: Support 87 people with a budget of $43,476.
- Shelter: Support 78 people with a budget of $39,128.
- WASH: Support 65 people with a budget of $32,607.
- Protection: Support 43 people with a budget of $21,738.
- Education: Support 35 people with a budget of $17,390.
- Livelihoods: Support 30 people with a budget of $15,216.
- Energy: Support 9 people with a budget of $4,348.

Sector-specific actions:
- Provide immediate health services, including mobile clinics and medical supplies.
- Distribute emergency food rations and restore food supply chains.
- Deploy emergency shelters and repair homes for displaced families.
- Ensure access to clean water and sanitation to prevent disease outbreaks.
- Safeguard vulnerable groups and prevent exploitation and abuse.
- Reopen schools and provide learning materials for children.
- Support recovery of jobs and income-generating activities.
- Restore power and critical infrastructure for relief operations.

All actions follow UN best-practice humanitarian response standards, prioritizing life-saving interventions, disease prevention, and rapid recovery."
imelda_2025,Hurricane Imelda,2025,"Bahamas, United States",1076,"Ideal Response Plan for Hurricane Imelda (2025)

Affected countries/territories: Bahamas, United States
Estimated population affected: 1,076

Key priorities:
- Health: Support 108 people with a budget of $53,823.
- Food Security: Support 108 people with a budget of $53,823.
- Shelter: Support 97 people with a budget of $48,441.
- WASH: Support 81 people with a budget of $40,367.
- Protection: Support 53 people with a budget of $26,911.
- Education: Support 43 people with a budget of $21,529.
- Livelihoods: Support 37 people with a budget of $18,838.
- Energy: Support 11 people with a budget of $5,382.

Sector-specific actions:
- Provide immediate health services, including mobile clinics and medical supplies.
- Distribute emergency food rations and restore food supply chains.
- Deploy emergency shelters and repair homes for displaced families.
- Ensure access to clean water and sanitation to prevent disease outbreaks.
- Safeguard vulnerable groups and prevent exploitation and abuse.
- Reopen schools and provide learning materials for children.
- Support recovery of jobs and income-generating activities.
- Restore power and critical infrastructure for relief operations.

All actions follow UN best-practice humanitarian response standards, prioritizing life-saving interventions, disease prevention, and rapid recovery."
