project_id,hurricane_id,country,admin1,cluster,budget_usd,beneficiaries,pooled_fund,implementing_partner
USA_Education_001,katrina_2005,United States,Louisiana,Education,5000000,22963,False,Save the Children
USA_Food Security_002,katrina_2005,United States,Alabama,Food Security,5000000,22016,True,Oxfam
USA_Shelter_003,katrina_2005,United States,Mississippi,Shelter,4085960,27513,True,Save the Children
USA_Education_004,katrina_2005,United States,Louisiana,Education,866421,10433,True,Save the Children
USA_Education_005,katrina_2005,United States,Louisiana,Education,1000000,12947,True,UNICEF
USA_Education_006,katrina_2005,United States,Florida,Education,15000000,83055,True,UNICEF
USA_Health_007,katrina_2005,United States,Mississippi,Health,631264,5908,True,NGO A
USA_Health_008,katrina_2005,United States,Mississippi,Health,5000000,20925,True,Red Cross
USA_WASH_009,katrina_2005,United States,Florida,WASH,4848726,21068,True,Red Cross
USA_Health_010,katrina_2005,United States,Alabama,Health,15000000,70427,False,World Vision
USA_Protection_011,katrina_2005,United States,Alabama,Protection,939174,8743,True,World Vision
USA_Education_012,katrina_2005,United States,Mississippi,Education,15000000,56674,True,Save the Children
USA_Protection_013,katrina_2005,United States,Alabama,Protection,15000000,57072,True,NGO B
USA_Protection_014,katrina_2005,United States,Mississippi,Protection,15000000,93233,True,Oxfam
USA_Health_015,katrina_2005,United States,Louisiana,Health,5000000,23893,True,UNICEF
USA_WASH_016,katrina_2005,United States,Louisiana,WASH,969653,7959,True,UNICEF
USA_Protection_017,katrina_2005,United States,Florida,Protection,5000000,20722,True,World Vision
USA_Protection_018,katrina_2005,United States,Alabama,Protection,11112369,104610,True,NGO B
USA_WASH_019,katrina_2005,United States,Alabama,WASH,5000000,33981,False,NGO B
USA_WASH_020,katrina_2005,United States,Alabama,WASH,15000000,145381,False,CARE
USA_Shelter_021,katrina_2005,United States,Mississippi,Shelter,4824004,33952,True,NGO A
USA_Health_022,katrina_2005,United States,Florida,Health,1000000,14361,True,World Vision
USA_Food Security_023,katrina_2005,United States,Mississippi,Food Security,15000000,54912,True,World Vision
USA_WASH_024,katrina_2005,United States,Florida,WASH,346113,4801,True,Red Cross
USA_Shelter_025,katrina_2005,United States,Alabama,Shelter,15000000,62669,True,Red Cross
USA_Livelihoods_026,sandy_2012,United States,New York,Livelihoods,5000000,40394,True,UNICEF
USA_Education_027,sandy_2012,United States,New Jersey,Education,5000000,34113,True,CARE
USA_Protection_028,sandy_2012,United States,Maryland,Protection,1000000,7404,True,NGO A
USA_Shelter_029,sandy_2012,United States,Delaware,Shelter,103969,1079,False,Save the Children
USA_Education_030,sandy_2012,United States,Connecticut,Education,3821173,24089,True,World Vision
USA_Protection_031,sandy_2012,United States,Maryland,Protection,5000000,24565,True,World Vision
USA_Livelihoods_032,sandy_2012,United States,Connecticut,Livelihoods,5000000,61512,True,Save the Children
USA_Protection_033,sandy_2012,United States,Maryland,Protection,2252471,11424,False,UNICEF
USA_Shelter_034,sandy_2012,United States,New Jersey,Shelter,5000000,47880,True,CARE
USA_WASH_035,sandy_2012,United States,Delaware,WASH,1000000,10598,True,Red Cross
USA_WASH_036,sandy_2012,United States,New Jersey,WASH,3083921,24663,True,Oxfam
USA_Protection_037,sandy_2012,United States,Delaware,Protection,5000000,27128,True,NGO B
USA_Education_038,sandy_2012,United States,New Jersey,Education,5000000,62073,True,Save the Children
USA_Protection_039,sandy_2012,United States,New Jersey,Protection,3985550,26186,False,Oxfam
USA_Shelter_040,sandy_2012,United States,Connecticut,Shelter,1000000,7272,False,Oxfam
USA_Protection_041,sandy_2012,United States,New York,Protection,15000000,145036,True,Save the Children
USA_Health_042,sandy_2012,United States,Connecticut,Health,1000000,7556,False,World Vision
USA_Livelihoods_043,sandy_2012,United States,New Jersey,Livelihoods,5000000,47016,True,NGO A
USA_WASH_044,sandy_2012,United States,Maryland,WASH,15000000,79985,True,NGO B
USA_Food Security_045,sandy_2012,United States,Delaware,Food Security,5000000,35833,False,Red Cross
USA_Health_046,sandy_2012,United States,Delaware,Health,375032,5853,False,Red Cross
USA_Shelter_047,sandy_2012,United States,New Jersey,Shelter,5000000,23652,True,Oxfam
USA_Livelihoods_048,sandy_2012,United States,New Jersey,Livelihoods,5000000,49329,False,UNICEF
USA_Education_049,sandy_2012,United States,Connecticut,Education,5000000,25291,False,Oxfam
USA_Livelihoods_050,sandy_2012,United States,Maryland,Livelihoods,5000000,23516,True,NGO A
USA_Shelter_051,sandy_2012,United States,New York,Shelter,5000000,35990,False,NGO A
USA_Livelihoods_052,sandy_2012,United States,Maryland,Livelihoods,15000000,58614,True,World Vision
USA_Education_053,sandy_2012,United States,New York,Education,172987,2075,True,World Vision
USA_Protection_054,sandy_2012,United States,Delaware,Protection,2369808,16404,True,UNICEF
USA_Livelihoods_055,sandy_2012,United States,New York,Livelihoods,2639556,22764,True,CARE
PR_Livelihoods_001,maria_2017,Puerto Rico,Puerto Rico,Livelihoods,1000000,10506,True,Save the Children
PR_Health_002,maria_2017,Dominican Republic,Dominican Republic,Health,15000000,124504,False,World Vision
PR_Protection_003,maria_2017,Dominica,Dominica,Protection,5000000,20523,True,World Vision
PR_Food Security_004,maria_2017,Dominican Republic,Dominican Republic,Food Security,11542227,76224,True,World Vision
PR_Energy_005,maria_2017,Dominican Republic,Dominican Republic,Energy,15000000,58954,True,NGO A
PR_Health_006,maria_2017,Dominica,Dominica,Health,365274,3670,True,Save the Children
PR_Food Security_007,maria_2017,Puerto Rico,Puerto Rico,Food Security,5000000,32318,True,CARE
PR_Protection_008,maria_2017,Dominican Republic,Dominican Republic,Protection,1000000,10945,True,World Vision
PR_Livelihoods_009,maria_2017,Dominica,Dominica,Livelihoods,15000000,57195,False,NGO B
PR_Livelihoods_010,maria_2017,Dominican Republic,Dominican Republic,Livelihoods,15000000,68660,True,Save the Children
PR_Health_011,maria_2017,Dominican Republic,Dominican Republic,Health,15000000,59869,True,NGO B
PR_Livelihoods_012,maria_2017,Puerto Rico,Puerto Rico,Livelihoods,5000000,30046,False,Save the Children
PR_Education_013,maria_2017,Puerto Rico,Puerto Rico,Education,15000000,77396,True,CARE
PR_Education_014,maria_2017,Dominican Republic,Dominican Republic,Education,5000000,20748,True,CARE
PR_Energy_015,maria_2017,Dominican Republic,Dominican Republic,Energy,777611,7661,True,NGO A
PR_Energy_016,maria_2017,Dominican Republic,Dominican Republic,Energy,1000000,9749,True,World Vision
PR_Energy_017,maria_2017,Dominica,Dominica,Energy,1000000,15726,True,NGO A
PR_Livelihoods_018,maria_2017,Dominican Republic,Dominican Republic,Livelihoods,15000000,143624,False,CARE
PR_Protection_019,maria_2017,Dominican Republic,Dominican Republic,Protection,15000000,133663,True,UNICEF
PR_Livelihoods_020,maria_2017,Dominican Republic,Dominican Republic,Livelihoods,5000000,50385,True,NGO A
PR_Education_021,maria_2017,Puerto Rico,Puerto Rico,Education,3406144,14920,True,NGO A
PR_WASH_022,maria_2017,Dominican Republic,Dominican Republic,WASH,5000000,31220,True,Save the Children
PR_WASH_023,maria_2017,Dominica,Dominica,WASH,5000000,20953,True,World Vision
PR_Livelihoods_024,maria_2017,Puerto Rico,Puerto Rico,Livelihoods,5000000,33666,True,CARE
PR_Health_025,maria_2017,Puerto Rico,Puerto Rico,Health,15000000,56760,False,CARE
PR_Food Security_026,maria_2017,Dominica,Dominica,Food Security,15000000,55900,False,Oxfam
PR_Shelter_027,maria_2017,Puerto Rico,Puerto Rico,Shelter,15000000,60547,False,Save the Children
PR_Food Security_028,maria_2017,Puerto Rico,Puerto Rico,Food Security,15000000,51922,False,Oxfam
USA_Food Security_001,harvey_2017,United States,Texas,Food Security,199942,1772,False,World Vision
USA_Education_002,harvey_2017,United States,Texas,Education,3628214,27713,True,NGO A
USA_Food Security_003,harvey_2017,United States,Texas,Food Security,4586993,30456,True,UNICEF
USA_Food Security_004,harvey_2017,United States,Louisiana,Food Security,5000000,42014,True,Red Cross
USA_Education_005,harvey_2017,United States,Texas,Education,1262335,10714,True,NGO A
USA_Health_006,harvey_2017,United States,Louisiana,Health,5000000,20100,False,Save the Children
USA_Health_007,harvey_2017,United States,Texas,Health,5000000,29001,True,UNICEF
USA_Food Security_008,harvey_2017,United States,Louisiana,Food Security,1000000,10533,True,NGO A
USA_Food Security_009,harvey_2017,United States,Louisiana,Food Security,1000000,10921,True,UNICEF
USA_Education_010,harvey_2017,United States,Texas,Education,2515631,27956,True,Save the Children
USA_Shelter_011,harvey_2017,United States,Texas,Shelter,15000000,97407,False,Save the Children
USA_Food Security_012,harvey_2017,United States,Texas,Food Security,5000000,25738,True,NGO B
USA_Food Security_013,harvey_2017,United States,Louisiana,Food Security,1000000,8949,True,Red Cross
USA_Shelter_014,harvey_2017,United States,Louisiana,Shelter,5000000,20354,True,CARE
USA_WASH_015,harvey_2017,United States,Louisiana,WASH,704117,6353,False,CARE
USA_Education_016,harvey_2017,United States,Texas,Education,296809,4899,True,CARE
USA_Food Security_017,harvey_2017,United States,Texas,Food Security,15000000,94036,False,CARE
USA_WASH_018,harvey_2017,United States,Texas,WASH,15000000,52621,True,Save the Children
USA_Health_019,harvey_2017,United States,Texas,Health,5000000,32376,True,UNICEF
USA_Education_020,harvey_2017,United States,Texas,Education,1000000,8195,True,UNICEF
USA_WASH_021,harvey_2017,United States,Louisiana,WASH,15000000,111180,True,World Vision
USA_Shelter_022,harvey_2017,United States,Texas,Shelter,1000000,10705,True,UNICEF
PHL_WASH_001,haiyan_2013,Philippines,Samar,WASH,624147,4307,True,Red Cross
PHL_Shelter_002,haiyan_2013,Philippines,Samar,Shelter,126230,2414,True,Red Cross
PHL_Food Security_003,haiyan_2013,Philippines,Cebu,Food Security,1000000,6701,True,World Vision
PHL_Protection_004,haiyan_2013,Philippines,Palawan,Protection,1000000,7498,False,ActionAid
PHL_Shelter_005,haiyan_2013,Philippines,Samar,Shelter,15000000,59697,True,CARE
PHL_Livelihoods_006,haiyan_2013,Philippines,Palawan,Livelihoods,14837247,115612,True,Red Cross
PHL_Protection_007,haiyan_2013,Philippines,Samar,Protection,4997584,20506,True,CARE
PHL_WASH_008,haiyan_2013,Philippines,Leyte,WASH,5000000,22276,True,World Vision
PHL_Health_009,haiyan_2013,Philippines,Samar,Health,5000000,24119,True,CARE
PHL_Education_010,haiyan_2013,Philippines,Bohol,Education,1000000,8161,True,Plan International
PHL_Health_011,haiyan_2013,Philippines,Leyte,Health,5000000,34673,False,UNICEF
PHL_Food Security_012,haiyan_2013,Philippines,Bohol,Food Security,3145026,37450,True,NGO A
PHL_Protection_013,haiyan_2013,Philippines,Cebu,Protection,3672071,21494,True,NGO B
PHL_Shelter_014,haiyan_2013,Philippines,Palawan,Shelter,4152929,27557,True,CARE
PHL_Livelihoods_015,haiyan_2013,Philippines,Bohol,Livelihoods,5000000,23433,False,World Vision
PHL_Livelihoods_016,haiyan_2013,Philippines,Leyte,Livelihoods,5000000,43001,False,Save the Children
PHL_Shelter_017,haiyan_2013,Philippines,Samar,Shelter,10349273,51946,True,ActionAid
PHL_WASH_018,haiyan_2013,Philippines,Leyte,WASH,15000000,56843,True,UNICEF
PHL_Shelter_019,haiyan_2013,Philippines,Bohol,Shelter,11820862,65376,True,World Vision
PHL_Livelihoods_020,haiyan_2013,Philippines,Leyte,Livelihoods,15000000,98224,False,Oxfam
PHL_Health_021,haiyan_2013,Philippines,Samar,Health,1000000,9712,True,Plan International
PHL_Livelihoods_022,haiyan_2013,Philippines,Palawan,Livelihoods,451851,7583,True,World Vision
PHL_WASH_023,haiyan_2013,Philippines,Cebu,WASH,15000000,97774,True,NGO A
PHL_Protection_024,haiyan_2013,Philippines,Bohol,Protection,15000000,73707,False,UNICEF
PHL_Shelter_025,haiyan_2013,Philippines,Cebu,Shelter,15000000,51782,True,Red Cross
PHL_WASH_026,haiyan_2013,Philippines,Samar,WASH,5000000,60794,True,World Vision
PHL_WASH_027,haiyan_2013,Philippines,Palawan,WASH,875618,15020,False,Save the Children
PHL_Livelihoods_028,haiyan_2013,Philippines,Samar,Livelihoods,1000000,8127,True,NGO B
PHL_Education_029,haiyan_2013,Philippines,Cebu,Education,15000000,76397,True,UNICEF
PHL_Health_030,haiyan_2013,Philippines,Samar,Health,15000000,50780,False,CARE
PHL_Protection_031,haiyan_2013,Philippines,Cebu,Protection,1000000,14400,False,Plan International
PHL_Food Security_032,haiyan_2013,Philippines,Samar,Food Security,15000000,78508,True,Oxfam
PHL_Education_033,haiyan_2013,Philippines,Leyte,Education,5000000,33679,True,CARE
PHL_Food Security_034,haiyan_2013,Philippines,Leyte,Food Security,1000000,9113,False,NGO B
PHL_Protection_035,haiyan_2013,Philippines,Leyte,Protection,5000000,20236,True,NGO A
BHS_WASH_001,dorian_2019,Bahamas,New Providence,WASH,15000000,107881,True,NGO A
BHS_WASH_002,dorian_2019,United States,North Carolina,WASH,5000000,25620,True,Oxfam
BHS_Education_003,dorian_2019,United States,North Carolina,Education,1000000,11239,True,NGO A
BHS_WASH_004,dorian_2019,United States,North Carolina,WASH,5000000,38377,True,World Vision
BHS_Food Security_005,dorian_2019,United States,North Carolina,Food Security,15000000,93047,False,NGO B
BHS_Education_006,dorian_2019,Bahamas,New Providence,Education,4714509,48780,True,Red Cross
BHS_Food Security_007,dorian_2019,United States,North Carolina,Food Security,15000000,102561,True,Save the Children
BHS_WASH_008,dorian_2019,Bahamas,Grand Bahama,WASH,5000000,23322,False,CARE
BHS_Health_009,dorian_2019,United States,Florida,Health,1000000,11311,False,NGO A
BHS_WASH_010,dorian_2019,United States,Florida,WASH,5000000,31189,False,NGO A
BHS_Protection_011,dorian_2019,Bahamas,New Providence,Protection,1000000,10268,False,Red Cross
BHS_Food Security_012,dorian_2019,United States,Florida,Food Security,15000000,73562,True,Red Cross
BHS_WASH_013,dorian_2019,Bahamas,Grand Bahama,WASH,5000000,23355,True,Save the Children
BHS_Education_014,dorian_2019,United States,North Carolina,Education,1000000,6992,True,World Vision
BHS_Education_015,dorian_2019,Bahamas,Grand Bahama,Education,15000000,93614,False,Oxfam
BHS_Protection_016,dorian_2019,Bahamas,Abaco,Protection,10422309,90802,True,UNICEF
BHS_Shelter_017,dorian_2019,Bahamas,Grand Bahama,Shelter,711393,6245,True,Save the Children
BHS_Protection_018,dorian_2019,United States,North Carolina,Protection,1000000,10095,False,Save the Children
CAR_Shelter_001,irma_2017,Barbuda,Barbuda,Shelter,2500000,18500,True,IFRC
CAR_WASH_002,irma_2017,Barbuda,Barbuda,WASH,1200000,12000,True,UNICEF
CAR_Health_003,irma_2017,Cuba,Cuba,Health,850000,9500,True,PAHO
CAR_Food_004,irma_2017,United States,Florida,Food Security,3500000,45000,False,Red Cross
CAR_Protection_005,irma_2017,Barbuda,Saint Martin,Protection,1800000,8700,True,UN Women
CAR_Shelter_006,irma_2017,United States,Georgia,Shelter,2200000,15000,False,Save the Children
CAR_Education_007,irma_2017,Cuba,Cuba,Education,900000,7500,True,UNICEF
USA_Shelter_001,michael_2018,United States,Florida,Shelter,5200000,35000,False,Red Cross
USA_Health_002,michael_2018,United States,Florida,Health,3100000,22000,False,FEMA
USA_Food_003,michael_2018,United States,Georgia,Food Security,2800000,28000,False,Feeding America
USA_WASH_004,michael_2018,United States,Alabama,WASH,1500000,18000,False,Red Cross
USA_Protection_005,michael_2018,United States,Florida,Protection,2000000,12000,False,Save the Children
USA_Shelter_001,florence_2018,United States,North Carolina,Shelter,8500000,65000,False,Red Cross
USA_Food_002,florence_2018,United States,North Carolina,Food Security,4200000,48000,False,Feeding America
USA_WASH_003,florence_2018,United States,South Carolina,WASH,3100000,32000,False,FEMA
USA_Health_004,florence_2018,United States,Virginia,Health,2000000,18000,False,Red Cross
USA_Protection_005,florence_2018,United States,North Carolina,Protection,1800000,15000,False,Save the Children
USA_Shelter_001,ida_2021,United States,Louisiana,Shelter,12000000,85000,False,Red Cross
USA_Food_002,ida_2021,United States,Louisiana,Food Security,6500000,72000,False,Feeding America
USA_Health_003,ida_2021,United States,Mississippi,Health,3200000,28000,False,FEMA
USA_WASH_004,ida_2021,United States,Alabama,WASH,2800000,35000,False,Red Cross
USA_Shelter_001,ian_2022,United States,Florida,Shelter,15000000,120000,False,Red Cross
USA_Food_002,ian_2022,United States,Florida,Food Security,8000000,95000,False,Feeding America
USA_WASH_003,ian_2022,United States,South Carolina,WASH,3500000,28000,False,FEMA
USA_Health_004,ian_2022,United States,North Carolina,Health,2500000,22000,False,Red Cross
PRI_Shelter_001,fiona_2022,Puerto Rico,Puerto Rico,Shelter,4500000,38000,True,IFRC
PRI_WASH_002,fiona_2022,Dominican Republic,Dominican Republic,WASH,2800000,25000,True,UNICEF
PRI_Food_003,fiona_2022,Puerto Rico,Puerto Rico,Food Security,3200000,42000,True,WFP
PRI_Health_004,fiona_2022,Canada,Nova Scotia,Health,1500000,12000,False,Red Cross
MMR_Health_001,cyclone_nargis_2008,Myanmar,Ayeyarwady,Health,4000000,150000,True,WHO
MMR_Health_002,cyclone_nargis_2008,Myanmar,Yangon,Health,1875000,120000,True,UNICEF
MMR_Shelter_003,cyclone_nargis_2008,Myanmar,Ayeyarwady,Shelter,3500000,85000,True,IOM
MMR_WASH_004,cyclone_nargis_2008,Myanmar,Bago,WASH,2800000,95000,True,UNICEF
MMR_Food_005,cyclone_nargis_2008,Myanmar,Ayeyarwady,Food Security,4500000,200000,True,WFP
MMR_Protection_006,cyclone_nargis_2008,Myanmar,Mon,Protection,1800000,65000,True,UNHCR
MMR_Shelter_007,cyclone_nargis_2008,Myanmar,Yangon,Shelter,650000,45000,True,IOM
VUT_Shelter_001,cyclone_pam_2015,Vanuatu,Shefa,Shelter,3200000,42000,True,IFRC
VUT_WASH_002,cyclone_pam_2015,Vanuatu,Tafea,WASH,2100000,28000,True,UNICEF
VUT_Food_003,cyclone_pam_2015,Vanuatu,Malampa,Food Security,1800000,35000,True,WFP
VUT_Health_004,cyclone_pam_2015,Vanuatu,Shefa,Health,1200000,18000,True,WHO
PHL_Food_001,typhoon_mangkhut_2018,Philippines,Cagayan,Food Security,4500000,85000,True,WFP
PHL_Shelter_002,typhoon_mangkhut_2018,Philippines,Ilocos Norte,Shelter,3200000,52000,True,IFRC
PHL_WASH_003,typhoon_mangkhut_2018,China,Guangdong,WASH,2000000,45000,False,Red Cross
PHL_Health_004,typhoon_mangkhut_2018,China,Hong Kong,Health,1500000,28000,False,Red Cross
MOZ_Shelter_001,cyclone_idai_2019,Mozambique,Sofala,Shelter,5500000,95000,True,IFRC
MOZ_WASH_002,cyclone_idai_2019,Mozambique,Manica,WASH,3800000,72000,True,UNICEF
MOZ_Health_003,cyclone_idai_2019,Mozambique,Zambezia,Health,4200000,85000,True,WHO
MOZ_Food_004,cyclone_idai_2019,Zimbabwe,Chimanimani,Food Security,3500000,65000,True,WFP
MOZ_Protection_005,cyclone_idai_2019,Mozambique,Sofala,Protection,2800000,48000,True,UNHCR
PHL_Shelter_001,typhoon_goni_2020,Philippines,Albay,Shelter,4800000,78000,True,IFRC
PHL_Food_002,typhoon_goni_2020,Philippines,Camarines Sur,Food Security,3500000,65000,True,WFP
PHL_WASH_003,typhoon_goni_2020,Philippines,Quezon,WASH,2200000,42000,True,UNICEF
PHL_Health_004,typhoon_goni_2020,Philippines,Bicol,Health,1800000,35000,True,WHO
IND_Shelter_001,cyclone_amphan_2020,India,West Bengal,Shelter,5500000,95000,True,IFRC
IND_Food_002,cyclone_amphan_2020,Bangladesh,Bangladesh,Food Security,4200000,120000,True,WFP
IND_WASH_003,cyclone_amphan_2020,India,Odisha,WASH,3000000,55000,True,UNICEF
IND_Health_004,cyclone_amphan_2020,India,Kolkata,Health,2500000,42000,True,WHO
MOZ_WASH_001,cyclone_freddy_2023,Mozambique,Nampula,WASH,3500000,65000,True,UNICEF
MOZ_Health_002,cyclone_freddy_2023,Mozambique,Zambezia,Health,2800000,48000,True,WHO
MWI_Food_003,cyclone_freddy_2023,Malawi,Blantyre,Food Security,3200000,72000,True,WFP
MWI_Shelter_004,cyclone_freddy_2023,Malawi,Chikwawa,Shelter,2500000,45000,True,IFRC
MOZ_Protection_005,cyclone_freddy_2023,Mozambique,Nampula,Protection,1800000,32000,True,UNHCR
GRD_Shelter_001,beryl_2024,Grenada,Grenada,Shelter,1500000,15000,True,IFRC
GRD_WASH_002,beryl_2024,Grenada,Grenada,WASH,800000,12000,True,UNICEF
JAM_Food_003,beryl_2024,Jamaica,Jamaica,Food Security,2500000,40500,True,WFP
JAM_Shelter_004,beryl_2024,Jamaica,Jamaica,Shelter,1400000,11500,True,IFRC
USA_Protection_005,beryl_2024,United States,Texas,Protection,5000000,35000,False,Red Cross
BRB_Health_006,beryl_2024,Barbados,Barbados,Health,500000,8000,True,PAHO
MEX_Shelter_007,beryl_2024,Mexico,Quintana Roo,Shelter,2000000,25000,False,Red Cross
USA_Shelter_001,helene_2024,United States,North Carolina,Shelter,15000000,120000,False,Red Cross
USA_Food_002,helene_2024,United States,North Carolina,Food Security,8500000,95000,False,Feeding America
USA_Health_003,helene_2024,United States,Florida,Health,5000000,45000,False,Red Cross
USA_WASH_004,helene_2024,United States,Georgia,WASH,3500000,38000,False,FEMA
USA_Protection_005,helene_2024,United States,South Carolina,Protection,2500000,22000,False,Save the Children
USA_Shelter_006,helene_2024,United States,Tennessee,Shelter,3000000,28000,False,Red Cross
USA_Shelter_001,milton_2024,United States,Florida,Shelter,18000000,150000,False,Red Cross
USA_Food_002,milton_2024,United States,Florida,Food Security,9500000,110000,False,Feeding America
USA_Health_003,milton_2024,United States,Florida,Health,6000000,55000,False,Red Cross
CUB_WASH_004,milton_2024,Cuba,Cuba,WASH,2000000,25000,True,UNICEF
JAM_Food_001,melissa_2025,Jamaica,Jamaica,Food Security,8500000,180000,True,WFP
JAM_Shelter_002,melissa_2025,Jamaica,Jamaica,Shelter,12000000,95000,True,IFRC
HTI_Health_003,melissa_2025,Haiti,Haiti,Health,4500000,65000,True,WHO
HTI_WASH_004,melissa_2025,Haiti,Haiti,WASH,3200000,48000,True,UNICEF
CUB_Food_005,melissa_2025,Cuba,Cuba,Food Security,5000000,181000,True,WFP
CUB_Shelter_006,melissa_2025,Cuba,Cuba,Shelter,3500000,120000,True,IFRC
DOM_Protection_007,melissa_2025,Dominican Republic,Dominican Republic,Protection,1800000,25000,True,UNHCR
JAM_Protection_008,melissa_2025,Jamaica,Jamaica,Protection,2500000,35000,True,UN Women
MEX_Health_001,hanna_2020,Mexico,Mexico,Health,15790556.0,31581,True,Terre des Hommes - Italy
MEX_FoodSecurity_001,hanna_2020,Mexico,Mexico,Food Security,15790556.0,31581,True,Save the Children
MEX_Shelter_001,hanna_2020,Mexico,Mexico,Shelter,14211500.4,28423,False,United Nations Children's Fund
MEX_WASH_001,hanna_2020,Mexico,Mexico,WASH,11842917.0,23686,True,International Organization for Migration
MEX_Protection_001,hanna_2020,Mexico,Mexico,Protection,7895278.0,15791,True,Acción Contra el Hambre - Spain
MEX_Education_001,hanna_2020,Mexico,Mexico,Education,6316222.4,12632,True,Terre des Hommes - Italy
MEX_Livelihoods_001,hanna_2020,Mexico,Mexico,Livelihoods,5526694.6,11053,False,International Organization for Migration
MEX_Energy_001,hanna_2020,Mexico,Mexico,Energy,1579055.6,3158,True,International Organization for Migration
USA_Health_001,hanna_2020,United States,United States,Health,678774.2,1358,False,World Food Programme
USA_FoodSecurity_001,hanna_2020,United States,United States,Food Security,678774.2,1358,False,International Organization for Migration
USA_Shelter_001,hanna_2020,United States,United States,Shelter,610896.78,1222,False,Afghanistan Humanitarian Fund
USA_WASH_001,hanna_2020,United States,United States,WASH,509080.65,1018,False,ACBAR - Agency Coordinating Body for Afghan Relief
USA_Protection_001,hanna_2020,United States,United States,Protection,339387.1,679,False,The Mentor Initiative
USA_Education_001,hanna_2020,United States,United States,Education,271509.68,543,False,Danish Refugee Council
USA_Livelihoods_001,hanna_2020,United States,United States,Livelihoods,237570.97,475,False,Agency for Technical Cooperation and Development
USA_Energy_001,hanna_2020,United States,United States,Energy,67877.42,136,False,Start Network
BHS_Health_001,isaias_2020,Bahamas,Bahamas,Health,1383602.0,2767,False,United Nations Children's Fund
BHS_FoodSecurity_001,isaias_2020,Bahamas,Bahamas,Food Security,1383602.0,2767,False,United Nations Population Fund
BHS_Shelter_001,isaias_2020,Bahamas,Bahamas,Shelter,1245241.8,2490,False,Yemen Humanitarian Fund
BHS_WASH_001,isaias_2020,Bahamas,Bahamas,WASH,1037701.5,2075,False,Yemen Humanitarian Fund
BHS_Protection_001,isaias_2020,Bahamas,Bahamas,Protection,691801.0,1384,False,United Nations Children's Fund
BHS_Education_001,isaias_2020,Bahamas,Bahamas,Education,553440.8,1107,False,United Nations Children's Fund
BHS_Livelihoods_001,isaias_2020,Bahamas,Bahamas,Livelihoods,484260.7,969,False,Yemen Humanitarian Fund
BHS_Energy_001,isaias_2020,Bahamas,Bahamas,Energy,138360.2,277,False,World Health Organization
DOM_Education_001,isaias_2020,Dominican Republic,Dominican Republic,Education,205226.0,410,True,United Nations Development Programme
DOM_Shelter_001,isaias_2020,Dominican Republic,Dominican Republic,Shelter,338821.0,678,False,World Health Organization
DOM_FoodSecurity_001,isaias_2020,Dominican Republic,Dominican Republic,Food Security,514874.0,1030,False,International Organization for Migration
DOM_FoodSecurity_002,isaias_2020,Dominican Republic,Dominican Republic,Food Security,1440578.0,2881,False,CARITAS
DOM_WASH_001,isaias_2020,Dominican Republic,Dominican Republic,WASH,373424.0,747,True,World Food Programme
DOM_Health_001,isaias_2020,Dominican Republic,Dominican Republic,Health,990000.0,1980,False,International Organization for Migration
DOM_Health_002,isaias_2020,Dominican Republic,Dominican Republic,Health,2319269.0,4639,False,World Health Organization
DOM_WASH_002,isaias_2020,Dominican Republic,Dominican Republic,WASH,35493.0,71,True,United Nations Development Programme
DOM_Protection_001,isaias_2020,Dominican Republic,Dominican Republic,Protection,13547745.79,27095,False,Food and Agriculture Organization of the United Nations
DOM_Livelihoods_001,isaias_2020,Dominican Republic,Dominican Republic,Livelihoods,9483422.05,18967,False,United Nations Development Programme
DOM_Energy_001,isaias_2020,Dominican Republic,Dominican Republic,Energy,2709549.16,5419,True,United Nations Development Programme
USA_Health_001,isaias_2020,United States,United States,Health,678774.2,1358,False,The Mentor Initiative
USA_FoodSecurity_001,isaias_2020,United States,United States,Food Security,678774.2,1358,False,World Food Programme
USA_Shelter_001,isaias_2020,United States,United States,Shelter,610896.78,1222,False,International Committee of the Red Cross
USA_WASH_001,isaias_2020,United States,United States,WASH,509080.65,1018,False,Yemen Humanitarian Fund
USA_Protection_001,isaias_2020,United States,United States,Protection,339387.1,679,False,International Committee of the Red Cross
USA_Education_001,isaias_2020,United States,United States,Education,271509.68,543,False,International Committee of the Red Cross
USA_Livelihoods_001,isaias_2020,United States,United States,Livelihoods,237570.97,475,False,ACBAR - Agency Coordinating Body for Afghan Relief
USA_Energy_001,isaias_2020,United States,United States,Energy,67877.42,136,False,World Food Programme
BHS_Health_001,laura_2020,Bahamas,Bahamas,Health,1383602.0,2767,False,Yemen Humanitarian Fund
BHS_FoodSecurity_001,laura_2020,Bahamas,Bahamas,Food Security,1383602.0,2767,False,World Health Organization
BHS_Shelter_001,laura_2020,Bahamas,Bahamas,Shelter,1245241.8,2490,False,"Azerbaijan, Government of"
BHS_WASH_001,laura_2020,Bahamas,Bahamas,WASH,1037701.5,2075,False,United Nations Children's Fund
BHS_Protection_001,laura_2020,Bahamas,Bahamas,Protection,691801.0,1384,False,"Azerbaijan, Government of"
BHS_Education_001,laura_2020,Bahamas,Bahamas,Education,553440.8,1107,False,United Nations Children's Fund
BHS_Livelihoods_001,laura_2020,Bahamas,Bahamas,Livelihoods,484260.7,969,False,United Nations Children's Fund
BHS_Energy_001,laura_2020,Bahamas,Bahamas,Energy,138360.2,277,False,United Nations Population Fund
CUB_Health_001,laura_2020,Cuba,Cuba,Health,2426487.8,4853,False,International Federation of Red Cross and Red Crescent Societies
CUB_FoodSecurity_001,laura_2020,Cuba,Cuba,Food Security,2426487.8,4853,False,"Cote d'Ivoire, Government of"
CUB_Shelter_001,laura_2020,Cuba,Cuba,Shelter,2183839.02,4368,False,Qatar Charity
CUB_WASH_001,laura_2020,Cuba,Cuba,WASH,1819865.85,3640,False,Qatar Charity
CUB_Protection_001,laura_2020,Cuba,Cuba,Protection,1213243.9,2426,False,United Nations High Commissioner for Refugees
CUB_Education_001,laura_2020,Cuba,Cuba,Education,970595.12,1941,False,World Health Organization
CUB_Livelihoods_001,laura_2020,Cuba,Cuba,Livelihoods,849270.73,1699,False,Qatar Charity
CUB_Energy_001,laura_2020,Cuba,Cuba,Energy,242648.78,485,False,"Cote d'Ivoire, Government of"
DOM_Education_001,laura_2020,Dominican Republic,Dominican Republic,Education,205226.0,410,True,United Nations Children's Fund
DOM_Shelter_001,laura_2020,Dominican Republic,Dominican Republic,Shelter,338821.0,678,False,United Nations Children's Fund
DOM_FoodSecurity_001,laura_2020,Dominican Republic,Dominican Republic,Food Security,514874.0,1030,True,World Food Programme
DOM_FoodSecurity_002,laura_2020,Dominican Republic,Dominican Republic,Food Security,1440578.0,2881,False,Food and Agriculture Organization of the United Nations
DOM_WASH_001,laura_2020,Dominican Republic,Dominican Republic,WASH,373424.0,747,True,World Health Organization
DOM_Health_001,laura_2020,Dominican Republic,Dominican Republic,Health,990000.0,1980,True,CARITAS
DOM_Health_002,laura_2020,Dominican Republic,Dominican Republic,Health,2319269.0,4639,True,CARITAS
DOM_WASH_002,laura_2020,Dominican Republic,Dominican Republic,WASH,35493.0,71,True,Norwegian Refugee Council
DOM_Protection_001,laura_2020,Dominican Republic,Dominican Republic,Protection,13547745.79,27095,False,International Organization for Migration
DOM_Livelihoods_001,laura_2020,Dominican Republic,Dominican Republic,Livelihoods,9483422.05,18967,False,World Food Programme
DOM_Energy_001,laura_2020,Dominican Republic,Dominican Republic,Energy,2709549.16,5419,True,World Food Programme
MEX_Health_001,laura_2020,Mexico,Mexico,Health,15790556.0,31581,False,United Nations Children's Fund
MEX_FoodSecurity_001,laura_2020,Mexico,Mexico,Food Security,15790556.0,31581,False,Terre des Hommes - Italy
MEX_Shelter_001,laura_2020,Mexico,Mexico,Shelter,14211500.4,28423,True,Terre des Hommes - Italy
MEX_WASH_001,laura_2020,Mexico,Mexico,WASH,11842917.0,23686,False,United Nations Children's Fund
MEX_Protection_001,laura_2020,Mexico,Mexico,Protection,7895278.0,15791,False,Acción Contra el Hambre - Spain
MEX_Education_001,laura_2020,Mexico,Mexico,Education,6316222.4,12632,True,Acción Contra el Hambre - Spain
MEX_Livelihoods_001,laura_2020,Mexico,Mexico,Livelihoods,5526694.6,11053,False,Food and Agriculture Organization of the United Nations
MEX_Energy_001,laura_2020,Mexico,Mexico,Energy,1579055.6,3158,False,International Organization for Migration
USA_Health_001,laura_2020,United States,United States,Health,678774.2,1358,False,Start Network
USA_FoodSecurity_001,laura_2020,United States,United States,Food Security,678774.2,1358,False,World Food Programme
USA_Shelter_001,laura_2020,United States,United States,Shelter,610896.78,1222,False,United Nations Children's Fund
USA_WASH_001,laura_2020,United States,United States,WASH,509080.65,1018,False,World Food Programme
USA_Protection_001,laura_2020,United States,United States,Protection,339387.1,679,False,International Organization for Migration
USA_Education_001,laura_2020,United States,United States,Education,271509.68,543,False,Agency for Technical Cooperation and Development
USA_Livelihoods_001,laura_2020,United States,United States,Livelihoods,237570.97,475,False,World Food Programme
USA_Energy_001,laura_2020,United States,United States,Energy,67877.42,136,False,International Committee of the Red Cross
HND_FoodSecurity_001,marco_2020,Honduras,Honduras,Food Security,7125891.0,14252,True,Food and Agriculture Organization of the United Nations
HND_Health_001,marco_2020,Honduras,Honduras,Health,9664494.75,19329,False,World Health Organization
HND_Shelter_001,marco_2020,Honduras,Honduras,Shelter,8698045.27,17396,False,Save the Children
HND_WASH_001,marco_2020,Honduras,Honduras,WASH,7248371.06,14497,False,World Food Programme
HND_Protection_001,marco_2020,Honduras,Honduras,Protection,4832247.38,9664,True,United Nations Population Fund
HND_Education_001,marco_2020,Honduras,Honduras,Education,3865797.9,7732,False,Food and Agriculture Organization of the United Nations
HND_Livelihoods_001,marco_2020,Honduras,Honduras,Livelihoods,3382573.16,6765,False,World Food Programme
HND_Energy_001,marco_2020,Honduras,Honduras,Energy,966449.47,1933,False,Norwegian Refugee Council
MEX_Health_001,marco_2020,Mexico,Mexico,Health,15790556.0,31581,True,United Nations Children's Fund
MEX_FoodSecurity_001,marco_2020,Mexico,Mexico,Food Security,15790556.0,31581,False,United Nations Children's Fund
MEX_Shelter_001,marco_2020,Mexico,Mexico,Shelter,14211500.4,28423,False,International Organization for Migration
MEX_WASH_001,marco_2020,Mexico,Mexico,WASH,11842917.0,23686,False,Oxfam Intermón Spain
MEX_Protection_001,marco_2020,Mexico,Mexico,Protection,7895278.0,15791,False,Terre des Hommes - Italy
MEX_Education_001,marco_2020,Mexico,Mexico,Education,6316222.4,12632,True,Save the Children
MEX_Livelihoods_001,marco_2020,Mexico,Mexico,Livelihoods,5526694.6,11053,False,International Islamic Relief Organization
MEX_Energy_001,marco_2020,Mexico,Mexico,Energy,1579055.6,3158,True,Terre des Hommes - Italy
USA_Health_001,marco_2020,United States,United States,Health,678774.2,1358,False,The Mentor Initiative
USA_FoodSecurity_001,marco_2020,United States,United States,Food Security,678774.2,1358,False,United Nations Children's Fund
USA_Shelter_001,marco_2020,United States,United States,Shelter,610896.78,1222,False,International Organization for Migration
USA_WASH_001,marco_2020,United States,United States,WASH,509080.65,1018,False,Yemen Humanitarian Fund
USA_Protection_001,marco_2020,United States,United States,Protection,339387.1,679,False,Yemen Humanitarian Fund
USA_Education_001,marco_2020,United States,United States,Education,271509.68,543,False,World Food Programme
USA_Livelihoods_001,marco_2020,United States,United States,Livelihoods,237570.97,475,False,The Mentor Initiative
USA_Energy_001,marco_2020,United States,United States,Energy,67877.42,136,False,International Organization for Migration
GTM_Health_001,nana_2020,Guatemala,Guatemala,Health,10966548.2,21933,True,United Nations Population Fund
GTM_FoodSecurity_001,nana_2020,Guatemala,Guatemala,Food Security,10966548.2,21933,False,World Food Programme
GTM_Shelter_001,nana_2020,Guatemala,Guatemala,Shelter,9869893.38,19740,False,UN Women
GTM_WASH_001,nana_2020,Guatemala,Guatemala,WASH,8224911.15,16450,False,Medical Teams International
GTM_Protection_001,nana_2020,Guatemala,Guatemala,Protection,5483274.1,10967,False,UN Women
GTM_Education_001,nana_2020,Guatemala,Guatemala,Education,4386619.28,8773,False,International Committee of the Red Cross
GTM_Livelihoods_001,nana_2020,Guatemala,Guatemala,Livelihoods,3838291.87,7677,True,Project Concern International
GTM_Energy_001,nana_2020,Guatemala,Guatemala,Energy,1096654.82,2193,False,Norwegian Refugee Council
MEX_Health_001,nana_2020,Mexico,Mexico,Health,15790556.0,31581,True,International Islamic Relief Organization
MEX_FoodSecurity_001,nana_2020,Mexico,Mexico,Food Security,15790556.0,31581,True,Oxfam Intermón Spain
MEX_Shelter_001,nana_2020,Mexico,Mexico,Shelter,14211500.4,28423,True,International Organization for Migration
MEX_WASH_001,nana_2020,Mexico,Mexico,WASH,11842917.0,23686,True,International Islamic Relief Organization
MEX_Protection_001,nana_2020,Mexico,Mexico,Protection,7895278.0,15791,True,World Food Programme
MEX_Education_001,nana_2020,Mexico,Mexico,Education,6316222.4,12632,False,World Food Programme
MEX_Livelihoods_001,nana_2020,Mexico,Mexico,Livelihoods,5526694.6,11053,False,Terre des Hommes - Italy
MEX_Energy_001,nana_2020,Mexico,Mexico,Energy,1579055.6,3158,False,Save the Children
BMU_Health_001,paulette_2020,Bermuda,Bermuda,Health,321244.2,642,False,United Nations Children's Fund
BMU_FoodSecurity_001,paulette_2020,Bermuda,Bermuda,Food Security,321244.2,642,False,United Nations Population Fund
BMU_Shelter_001,paulette_2020,Bermuda,Bermuda,Shelter,289119.78,578,False,United Nations Children's Fund
BMU_WASH_001,paulette_2020,Bermuda,Bermuda,WASH,240933.15,482,False,Pan-American Health Organization (World Health Organization)
BMU_Protection_001,paulette_2020,Bermuda,Bermuda,Protection,160622.1,321,False,United Nations Population Fund
BMU_Education_001,paulette_2020,Bermuda,Bermuda,Education,128497.68,257,False,United Nations Population Fund
BMU_Livelihoods_001,paulette_2020,Bermuda,Bermuda,Livelihoods,112435.47,225,False,"Belize, Government of"
BMU_Energy_001,paulette_2020,Bermuda,Bermuda,Energy,32124.42,64,False,United Nations Children's Fund
MEX_Health_001,sally_2020,Mexico,Mexico,Health,15790556.0,31581,False,Food and Agriculture Organization of the United Nations
MEX_FoodSecurity_001,sally_2020,Mexico,Mexico,Food Security,15790556.0,31581,True,International Islamic Relief Organization
MEX_Shelter_001,sally_2020,Mexico,Mexico,Shelter,14211500.4,28423,True,Acción Contra el Hambre - Spain
MEX_WASH_001,sally_2020,Mexico,Mexico,WASH,11842917.0,23686,False,Acción Contra el Hambre - Spain
MEX_Protection_001,sally_2020,Mexico,Mexico,Protection,7895278.0,15791,False,World Food Programme
MEX_Education_001,sally_2020,Mexico,Mexico,Education,6316222.4,12632,True,Terre des Hommes - Italy
MEX_Livelihoods_001,sally_2020,Mexico,Mexico,Livelihoods,5526694.6,11053,False,Oxfam Intermón Spain
MEX_Energy_001,sally_2020,Mexico,Mexico,Energy,1579055.6,3158,True,Terre des Hommes - Italy
USA_Health_001,sally_2020,United States,United States,Health,678774.2,1358,False,ACBAR - Agency Coordinating Body for Afghan Relief
USA_FoodSecurity_001,sally_2020,United States,United States,Food Security,678774.2,1358,False,International Organization for Migration
USA_Shelter_001,sally_2020,United States,United States,Shelter,610896.78,1222,False,The Mentor Initiative
USA_WASH_001,sally_2020,United States,United States,WASH,509080.65,1018,False,Yemen Humanitarian Fund
USA_Protection_001,sally_2020,United States,United States,Protection,339387.1,679,False,Afghanistan Humanitarian Fund
USA_Education_001,sally_2020,United States,United States,Education,271509.68,543,False,Yemen Humanitarian Fund
USA_Livelihoods_001,sally_2020,United States,United States,Livelihoods,237570.97,475,False,Agency for Technical Cooperation and Development
USA_Energy_001,sally_2020,United States,United States,Energy,67877.42,136,False,The Mentor Initiative
CAN_FoodSecurity_001,teddy_2020,Canada,Canada,Food Security,43529876.0,87060,False,French Red Cross
CAN_Protection_001,teddy_2020,Canada,Canada,Protection,3567833.0,7136,False,World Food Programme
CAN_Shelter_001,teddy_2020,Canada,Canada,Shelter,5326507.0,10653,False,Danish Refugee Council
CAN_Protection_002,teddy_2020,Canada,Canada,Protection,1160140.0,2320,False,Action Contre la Faim - Action Against Hunger International
CAN_Shelter_002,teddy_2020,Canada,Canada,Shelter,2693376.0,5387,False,World Food Programme
CAN_Health_001,teddy_2020,Canada,Canada,Health,3748249.0,7496,False,World Food Programme
CAN_Protection_003,teddy_2020,Canada,Canada,Protection,1876025.0,3752,False,Caritas Comité Diocésain de Développement Maroua-Mokolo
CAN_Education_001,teddy_2020,Canada,Canada,Education,2022162.0,4044,False,Action Contre la Faim - Action Against Hunger International
CAN_Health_002,teddy_2020,Canada,Canada,Health,13526187.0,27052,False,World Food Programme
CAN_Education_002,teddy_2020,Canada,Canada,Education,1933314.0,3867,False,World Food Programme
CAN_WASH_001,teddy_2020,Canada,Canada,WASH,3357699.0,6715,False,French Red Cross
CAN_Protection_004,teddy_2020,Canada,Canada,Protection,1229346.0,2459,False,French Red Cross
CAN_WASH_002,teddy_2020,Canada,Canada,WASH,1591864.0,3184,False,Danish Refugee Council
CAN_Livelihoods_001,teddy_2020,Canada,Canada,Livelihoods,3737528.0,7475,False,Danish Refugee Council
CAN_Health_003,teddy_2020,Canada,Canada,Health,1828668.0,3657,False,Danish Refugee Council
CAN_Health_004,teddy_2020,Canada,Canada,Health,542888.0,1086,False,French Red Cross
CAN_Shelter_003,teddy_2020,Canada,Canada,Shelter,2428155.0,4856,False,Danish Refugee Council
CAN_Protection_005,teddy_2020,Canada,Canada,Protection,331126.0,662,False,World Food Programme
CAN_FoodSecurity_002,teddy_2020,Canada,Canada,Food Security,8308198.0,16616,False,French Red Cross
CAN_Protection_006,teddy_2020,Canada,Canada,Protection,649033.0,1298,False,Danish Refugee Council
CAN_Energy_001,teddy_2020,Canada,Canada,Energy,80349513.0,160699,False,World Food Programme
MEX_Health_001,gamma_2020,Mexico,Mexico,Health,15790556.0,31581,True,Acción Contra el Hambre - Spain
MEX_FoodSecurity_001,gamma_2020,Mexico,Mexico,Food Security,15790556.0,31581,True,Food and Agriculture Organization of the United Nations
MEX_Shelter_001,gamma_2020,Mexico,Mexico,Shelter,14211500.4,28423,False,International Organization for Migration
MEX_WASH_001,gamma_2020,Mexico,Mexico,WASH,11842917.0,23686,True,Food and Agriculture Organization of the United Nations
MEX_Protection_001,gamma_2020,Mexico,Mexico,Protection,7895278.0,15791,True,Save the Children
MEX_Education_001,gamma_2020,Mexico,Mexico,Education,6316222.4,12632,False,World Food Programme
MEX_Livelihoods_001,gamma_2020,Mexico,Mexico,Livelihoods,5526694.6,11053,True,International Organization for Migration
MEX_Energy_001,gamma_2020,Mexico,Mexico,Energy,1579055.6,3158,True,Oxfam Intermón Spain
MEX_Health_001,delta_2020,Mexico,Mexico,Health,15790556.0,31581,False,Food and Agriculture Organization of the United Nations
MEX_FoodSecurity_001,delta_2020,Mexico,Mexico,Food Security,15790556.0,31581,True,International Organization for Migration
MEX_Shelter_001,delta_2020,Mexico,Mexico,Shelter,14211500.4,28423,True,International Organization for Migration
MEX_WASH_001,delta_2020,Mexico,Mexico,WASH,11842917.0,23686,True,United Nations Children's Fund
MEX_Protection_001,delta_2020,Mexico,Mexico,Protection,7895278.0,15791,False,Terre des Hommes - Italy
MEX_Education_001,delta_2020,Mexico,Mexico,Education,6316222.4,12632,False,International Islamic Relief Organization
MEX_Livelihoods_001,delta_2020,Mexico,Mexico,Livelihoods,5526694.6,11053,False,International Islamic Relief Organization
MEX_Energy_001,delta_2020,Mexico,Mexico,Energy,1579055.6,3158,False,World Food Programme
USA_Health_001,delta_2020,United States,United States,Health,678774.2,1358,False,Afghanistan Humanitarian Fund
USA_FoodSecurity_001,delta_2020,United States,United States,Food Security,678774.2,1358,False,World Food Programme
USA_Shelter_001,delta_2020,United States,United States,Shelter,610896.78,1222,False,Danish Refugee Council
USA_WASH_001,delta_2020,United States,United States,WASH,509080.65,1018,False,Danish Refugee Council
USA_Protection_001,delta_2020,United States,United States,Protection,339387.1,679,False,International Organization for Migration
USA_Education_001,delta_2020,United States,United States,Education,271509.68,543,False,International Committee of the Red Cross
USA_Livelihoods_001,delta_2020,United States,United States,Livelihoods,237570.97,475,False,Agency for Technical Cooperation and Development
USA_Energy_001,delta_2020,United States,United States,Energy,67877.42,136,False,ACBAR - Agency Coordinating Body for Afghan Relief
CAN_FoodSecurity_001,epsilon_2020,Canada,Canada,Food Security,43529876.0,87060,False,Caritas Comité Diocésain de Développement Maroua-Mokolo
CAN_Protection_001,epsilon_2020,Canada,Canada,Protection,3567833.0,7136,False,Caritas Comité Diocésain de Développement Maroua-Mokolo
CAN_Shelter_001,epsilon_2020,Canada,Canada,Shelter,5326507.0,10653,False,Norwegian Refugee Council
CAN_Protection_002,epsilon_2020,Canada,Canada,Protection,1160140.0,2320,False,French Red Cross
CAN_Shelter_002,epsilon_2020,Canada,Canada,Shelter,2693376.0,5387,False,Norwegian Refugee Council
CAN_Health_001,epsilon_2020,Canada,Canada,Health,3748249.0,7496,False,Danish Refugee Council
CAN_Protection_003,epsilon_2020,Canada,Canada,Protection,1876025.0,3752,False,French Red Cross
CAN_Education_001,epsilon_2020,Canada,Canada,Education,2022162.0,4044,False,Caritas Comité Diocésain de Développement Maroua-Mokolo
CAN_Health_002,epsilon_2020,Canada,Canada,Health,13526187.0,27052,False,Caritas Comité Diocésain de Développement Maroua-Mokolo
CAN_Education_002,epsilon_2020,Canada,Canada,Education,1933314.0,3867,False,Norwegian Refugee Council
CAN_WASH_001,epsilon_2020,Canada,Canada,WASH,3357699.0,6715,False,Danish Refugee Council
CAN_Protection_004,epsilon_2020,Canada,Canada,Protection,1229346.0,2459,False,Norwegian Refugee Council
CAN_WASH_002,epsilon_2020,Canada,Canada,WASH,1591864.0,3184,False,World Food Programme
CAN_Livelihoods_001,epsilon_2020,Canada,Canada,Livelihoods,3737528.0,7475,False,World Food Programme
CAN_Health_003,epsilon_2020,Canada,Canada,Health,1828668.0,3657,False,Danish Refugee Council
CAN_Health_004,epsilon_2020,Canada,Canada,Health,542888.0,1086,False,Action Contre la Faim - Action Against Hunger International
CAN_Shelter_003,epsilon_2020,Canada,Canada,Shelter,2428155.0,4856,False,Action Contre la Faim - Action Against Hunger International
CAN_Protection_005,epsilon_2020,Canada,Canada,Protection,331126.0,662,False,World Food Programme
CAN_FoodSecurity_002,epsilon_2020,Canada,Canada,Food Security,8308198.0,16616,False,World Food Programme
CAN_Protection_006,epsilon_2020,Canada,Canada,Protection,649033.0,1298,False,Action Contre la Faim - Action Against Hunger International
CAN_Energy_001,epsilon_2020,Canada,Canada,Energy,80349513.0,160699,False,French Red Cross
MEX_Health_001,zeta_2020,Mexico,Mexico,Health,15790556.0,31581,True,International Organization for Migration
MEX_FoodSecurity_001,zeta_2020,Mexico,Mexico,Food Security,15790556.0,31581,False,Oxfam Intermón Spain
MEX_Shelter_001,zeta_2020,Mexico,Mexico,Shelter,14211500.4,28423,True,International Islamic Relief Organization
MEX_WASH_001,zeta_2020,Mexico,Mexico,WASH,11842917.0,23686,False,United Nations Children's Fund
MEX_Protection_001,zeta_2020,Mexico,Mexico,Protection,7895278.0,15791,False,International Organization for Migration
MEX_Education_001,zeta_2020,Mexico,Mexico,Education,6316222.4,12632,True,International Organization for Migration
MEX_Livelihoods_001,zeta_2020,Mexico,Mexico,Livelihoods,5526694.6,11053,True,International Organization for Migration
MEX_Energy_001,zeta_2020,Mexico,Mexico,Energy,1579055.6,3158,False,Terre des Hommes - Italy
USA_Health_001,zeta_2020,United States,United States,Health,678774.2,1358,False,Yemen Humanitarian Fund
USA_FoodSecurity_001,zeta_2020,United States,United States,Food Security,678774.2,1358,False,Agency for Technical Cooperation and Development
USA_Shelter_001,zeta_2020,United States,United States,Shelter,610896.78,1222,False,United Nations Children's Fund
USA_WASH_001,zeta_2020,United States,United States,WASH,509080.65,1018,False,United Nations Children's Fund
USA_Protection_001,zeta_2020,United States,United States,Protection,339387.1,679,False,International Organization for Migration
USA_Education_001,zeta_2020,United States,United States,Education,271509.68,543,False,Yemen Humanitarian Fund
USA_Livelihoods_001,zeta_2020,United States,United States,Livelihoods,237570.97,475,False,Agency for Technical Cooperation and Development
USA_Energy_001,zeta_2020,United States,United States,Energy,67877.42,136,False,Agency for Technical Cooperation and Development
BHS_Health_001,eta_2020,Bahamas,Bahamas,Health,1383602.0,2767,False,"Azerbaijan, Government of"
BHS_FoodSecurity_001,eta_2020,Bahamas,Bahamas,Food Security,1383602.0,2767,False,United Nations Children's Fund
BHS_Shelter_001,eta_2020,Bahamas,Bahamas,Shelter,1245241.8,2490,False,Yemen Humanitarian Fund
BHS_WASH_001,eta_2020,Bahamas,Bahamas,WASH,1037701.5,2075,False,United Nations Children's Fund
BHS_Protection_001,eta_2020,Bahamas,Bahamas,Protection,691801.0,1384,False,Yemen Humanitarian Fund
BHS_Education_001,eta_2020,Bahamas,Bahamas,Education,553440.8,1107,False,"Azerbaijan, Government of"
BHS_Livelihoods_001,eta_2020,Bahamas,Bahamas,Livelihoods,484260.7,969,False,United Nations Population Fund
BHS_Energy_001,eta_2020,Bahamas,Bahamas,Energy,138360.2,277,False,Yemen Humanitarian Fund
CUB_Health_001,eta_2020,Cuba,Cuba,Health,2426487.8,4853,False,United Nations Children's Fund
CUB_FoodSecurity_001,eta_2020,Cuba,Cuba,Food Security,2426487.8,4853,False,United Nations Children's Fund
CUB_Shelter_001,eta_2020,Cuba,Cuba,Shelter,2183839.02,4368,False,Qatar Charity
CUB_WASH_001,eta_2020,Cuba,Cuba,WASH,1819865.85,3640,False,International Federation of Red Cross and Red Crescent Societies
CUB_Protection_001,eta_2020,Cuba,Cuba,Protection,1213243.9,2426,False,"Cote d'Ivoire, Government of"
CUB_Education_001,eta_2020,Cuba,Cuba,Education,970595.12,1941,False,United Nations Children's Fund
CUB_Livelihoods_001,eta_2020,Cuba,Cuba,Livelihoods,849270.73,1699,False,United Nations Children's Fund
CUB_Energy_001,eta_2020,Cuba,Cuba,Energy,242648.78,485,False,"Cote d'Ivoire, Government of"
HND_FoodSecurity_001,eta_2020,Honduras,Honduras,Food Security,7125891.0,14252,True,United Nations Population Fund
HND_Health_001,eta_2020,Honduras,Honduras,Health,9664494.75,19329,True,World Food Programme
HND_Shelter_001,eta_2020,Honduras,Honduras,Shelter,8698045.27,17396,False,United Nations High Commissioner for Refugees
HND_WASH_001,eta_2020,Honduras,Honduras,WASH,7248371.06,14497,False,United Nations Children's Fund
HND_Protection_001,eta_2020,Honduras,Honduras,Protection,4832247.38,9664,True,Food and Agriculture Organization of the United Nations
HND_Education_001,eta_2020,Honduras,Honduras,Education,3865797.9,7732,False,Save the Children
HND_Livelihoods_001,eta_2020,Honduras,Honduras,Livelihoods,3382573.16,6765,True,Norwegian Refugee Council
HND_Energy_001,eta_2020,Honduras,Honduras,Energy,966449.47,1933,False,International Committee of the Red Cross
NIC_Health_001,eta_2020,Nicaragua,Nicaragua,Health,493744.2,987,False,United Nations High Commissioner for Refugees
NIC_FoodSecurity_001,eta_2020,Nicaragua,Nicaragua,Food Security,493744.2,987,True,Central Emergency Response Fund
NIC_Shelter_001,eta_2020,Nicaragua,Nicaragua,Shelter,444369.78,889,False,Sudan Humanitarian Fund
NIC_WASH_001,eta_2020,Nicaragua,Nicaragua,WASH,370308.15,741,False,Central Emergency Response Fund
NIC_Protection_001,eta_2020,Nicaragua,Nicaragua,Protection,246872.1,494,False,Food and Agriculture Organization of the United Nations
NIC_Education_001,eta_2020,Nicaragua,Nicaragua,Education,197497.68,395,True,Afghanistan Humanitarian Fund
NIC_Livelihoods_001,eta_2020,Nicaragua,Nicaragua,Livelihoods,172810.47,346,False,Sudan Humanitarian Fund
NIC_Energy_001,eta_2020,Nicaragua,Nicaragua,Energy,49374.42,99,False,Nigeria Humanitarian Fund
USA_Health_001,eta_2020,United States,United States,Health,678774.2,1358,False,Yemen Humanitarian Fund
USA_FoodSecurity_001,eta_2020,United States,United States,Food Security,678774.2,1358,False,ACBAR - Agency Coordinating Body for Afghan Relief
USA_Shelter_001,eta_2020,United States,United States,Shelter,610896.78,1222,False,Yemen Humanitarian Fund
USA_WASH_001,eta_2020,United States,United States,WASH,509080.65,1018,False,Yemen Humanitarian Fund
USA_Protection_001,eta_2020,United States,United States,Protection,339387.1,679,False,Afghanistan Humanitarian Fund
USA_Education_001,eta_2020,United States,United States,Education,271509.68,543,False,Start Network
USA_Livelihoods_001,eta_2020,United States,United States,Livelihoods,237570.97,475,False,Yemen Humanitarian Fund
USA_Energy_001,eta_2020,United States,United States,Energy,67877.42,136,False,International Committee of the Red Cross
HND_FoodSecurity_001,iota_2020,Honduras,Honduras,Food Security,7125891.0,14252,False,United Nations Population Fund
HND_Health_001,iota_2020,Honduras,Honduras,Health,9664494.75,19329,False,United Nations Population Fund
HND_Shelter_001,iota_2020,Honduras,Honduras,Shelter,8698045.27,17396,False,Save the Children
HND_WASH_001,iota_2020,Honduras,Honduras,WASH,7248371.06,14497,True,World Food Programme
HND_Protection_001,iota_2020,Honduras,Honduras,Protection,4832247.38,9664,True,Save the Children
HND_Education_001,iota_2020,Honduras,Honduras,Education,3865797.9,7732,False,Trocaire
HND_Livelihoods_001,iota_2020,Honduras,Honduras,Livelihoods,3382573.16,6765,True,International Organization for Migration
HND_Energy_001,iota_2020,Honduras,Honduras,Energy,966449.47,1933,True,United Nations High Commissioner for Refugees
NIC_Health_001,iota_2020,Nicaragua,Nicaragua,Health,493744.2,987,False,Sudan Humanitarian Fund
NIC_FoodSecurity_001,iota_2020,Nicaragua,Nicaragua,Food Security,493744.2,987,True,Food and Agriculture Organization of the United Nations
NIC_Shelter_001,iota_2020,Nicaragua,Nicaragua,Shelter,444369.78,889,True,Food and Agriculture Organization of the United Nations
NIC_WASH_001,iota_2020,Nicaragua,Nicaragua,WASH,370308.15,741,False,Syria Cross-border Humanitarian Fund
NIC_Protection_001,iota_2020,Nicaragua,Nicaragua,Protection,246872.1,494,True,Sudan Humanitarian Fund
NIC_Education_001,iota_2020,Nicaragua,Nicaragua,Education,197497.68,395,False,Afghanistan Humanitarian Fund
NIC_Livelihoods_001,iota_2020,Nicaragua,Nicaragua,Livelihoods,172810.47,346,False,Afghanistan Humanitarian Fund
NIC_Energy_001,iota_2020,Nicaragua,Nicaragua,Energy,49374.42,99,True,Democratic Republic of the Congo Humanitarian Fund
CUB_Health_001,elsa_2021,Cuba,Cuba,Health,531372.2,1063,False,United Nations High Commissioner for Refugees
CUB_FoodSecurity_001,elsa_2021,Cuba,Cuba,Food Security,531372.2,1063,False,United Nations High Commissioner for Refugees
CUB_Shelter_001,elsa_2021,Cuba,Cuba,Shelter,478234.98,956,False,World Food Programme
CUB_WASH_001,elsa_2021,Cuba,Cuba,WASH,398529.15,797,False,International Organization for Migration
CUB_Protection_001,elsa_2021,Cuba,Cuba,Protection,265686.1,531,False,Qatar Charity
CUB_Education_001,elsa_2021,Cuba,Cuba,Education,212548.88,425,False,World Food Programme
CUB_Livelihoods_001,elsa_2021,Cuba,Cuba,Livelihoods,185980.27,372,False,United Nations High Commissioner for Refugees
CUB_Energy_001,elsa_2021,Cuba,Cuba,Energy,53137.22,106,False,United Nations High Commissioner for Refugees
USA_Health_001,elsa_2021,United States,United States,Health,85199.8,170,False,World Food Programme
USA_FoodSecurity_001,elsa_2021,United States,United States,Food Security,85199.8,170,False,The Mentor Initiative
USA_Shelter_001,elsa_2021,United States,United States,Shelter,76679.82,153,False,International Committee of the Red Cross
USA_WASH_001,elsa_2021,United States,United States,WASH,63899.85,128,False,United Nations Humanitarian Air Service
USA_Protection_001,elsa_2021,United States,United States,Protection,42599.9,85,False,United Nations Children's Fund
USA_Education_001,elsa_2021,United States,United States,Education,34079.92,68,False,International Committee of the Red Cross
USA_Livelihoods_001,elsa_2021,United States,United States,Livelihoods,29819.93,60,False,The Mentor Initiative
USA_Energy_001,elsa_2021,United States,United States,Energy,8519.98,17,False,World Food Programme
DOM_Health_001,grace_2021,Dominican Republic,Dominican Republic,Health,4255728.6,8511,False,United Nations High Commissioner for Refugees
DOM_FoodSecurity_001,grace_2021,Dominican Republic,Dominican Republic,Food Security,4255728.6,8511,False,International Organization for Migration
DOM_Shelter_001,grace_2021,Dominican Republic,Dominican Republic,Shelter,3830155.74,7660,False,Norwegian Refugee Council
DOM_WASH_001,grace_2021,Dominican Republic,Dominican Republic,WASH,3191796.45,6384,False,United Nations Children's Fund
DOM_Protection_001,grace_2021,Dominican Republic,Dominican Republic,Protection,2127864.3,4256,False,Food and Agriculture Organization of the United Nations
DOM_Education_001,grace_2021,Dominican Republic,Dominican Republic,Education,1702291.44,3405,False,International Organization for Migration
DOM_Livelihoods_001,grace_2021,Dominican Republic,Dominican Republic,Livelihoods,1489505.01,2979,False,Food and Agriculture Organization of the United Nations
DOM_Energy_001,grace_2021,Dominican Republic,Dominican Republic,Energy,425572.86,851,False,Norwegian Refugee Council
MEX_Health_001,grace_2021,Mexico,Mexico,Health,24807158.0,49614,False,International Labour Organization
MEX_FoodSecurity_001,grace_2021,Mexico,Mexico,Food Security,24807158.0,49614,False,"Mauritania, Government of"
MEX_Shelter_001,grace_2021,Mexico,Mexico,Shelter,22326442.2,44653,False,United Nations Children's Fund
MEX_WASH_001,grace_2021,Mexico,Mexico,WASH,18605368.5,37211,False,International Labour Organization
MEX_Protection_001,grace_2021,Mexico,Mexico,Protection,12403579.0,24807,False,International Labour Organization
MEX_Education_001,grace_2021,Mexico,Mexico,Education,9922863.2,19846,False,United Nations Children's Fund
MEX_Livelihoods_001,grace_2021,Mexico,Mexico,Livelihoods,8682505.3,17365,False,International Organization for Migration
MEX_Energy_001,grace_2021,Mexico,Mexico,Energy,2480715.8,4961,False,International Organization for Migration
USA_Health_001,henri_2021,United States,United States,Health,85199.8,170,False,United Nations Humanitarian Air Service
USA_FoodSecurity_001,henri_2021,United States,United States,Food Security,85199.8,170,False,The Mentor Initiative
USA_Shelter_001,henri_2021,United States,United States,Shelter,76679.82,153,False,International Committee of the Red Cross
USA_WASH_001,henri_2021,United States,United States,WASH,63899.85,128,False,The Mentor Initiative
USA_Protection_001,henri_2021,United States,United States,Protection,42599.9,85,False,United Nations Humanitarian Air Service
USA_Education_001,henri_2021,United States,United States,Education,34079.92,68,False,International Committee of the Red Cross
USA_Livelihoods_001,henri_2021,United States,United States,Livelihoods,29819.93,60,False,World Food Programme
USA_Energy_001,henri_2021,United States,United States,Energy,8519.98,17,False,Agency for Technical Cooperation and Development
CAN_WASH_001,larry_2021,Canada,Canada,WASH,6730859.0,13462,False,Office for the Coordination of Humanitarian Affairs
CAN_Protection_001,larry_2021,Canada,Canada,Protection,18649743.0,37299,False,Danish Refugee Council
CAN_Education_001,larry_2021,Canada,Canada,Education,6006732.0,12013,False,Danish Refugee Council
CAN_Health_001,larry_2021,Canada,Canada,Health,18408088.0,36816,False,World Food Programme
CAN_Health_002,larry_2021,Canada,Canada,Health,8632827.0,17266,False,Médecins du Monde
CAN_Shelter_001,larry_2021,Canada,Canada,Shelter,3575513.0,7151,False,Danish Refugee Council
CAN_FoodSecurity_001,larry_2021,Canada,Canada,Food Security,36756331.0,73513,False,United Nations Population Fund
CAN_Livelihoods_001,larry_2021,Canada,Canada,Livelihoods,1596773.0,3194,False,Action Contre la Faim - Action Against Hunger International
CAN_Energy_001,larry_2021,Canada,Canada,Energy,105988239.0,211976,False,Médecins du Monde
MEX_Health_001,nicholas_2021,Mexico,Mexico,Health,24807158.0,49614,False,International Organization for Migration
MEX_FoodSecurity_001,nicholas_2021,Mexico,Mexico,Food Security,24807158.0,49614,False,International Committee of the Red Cross
MEX_Shelter_001,nicholas_2021,Mexico,Mexico,Shelter,22326442.2,44653,False,"Mauritania, Government of"
MEX_WASH_001,nicholas_2021,Mexico,Mexico,WASH,18605368.5,37211,False,International Labour Organization
MEX_Protection_001,nicholas_2021,Mexico,Mexico,Protection,12403579.0,24807,False,Oxfam
MEX_Education_001,nicholas_2021,Mexico,Mexico,Education,9922863.2,19846,False,Oxfam
MEX_Livelihoods_001,nicholas_2021,Mexico,Mexico,Livelihoods,8682505.3,17365,False,Oxfam
MEX_Energy_001,nicholas_2021,Mexico,Mexico,Energy,2480715.8,4961,False,International Committee of the Red Cross
USA_Health_001,nicholas_2021,United States,United States,Health,85199.8,170,False,World Food Programme
USA_FoodSecurity_001,nicholas_2021,United States,United States,Food Security,85199.8,170,False,The Mentor Initiative
USA_Shelter_001,nicholas_2021,United States,United States,Shelter,76679.82,153,False,United Nations Children's Fund
USA_WASH_001,nicholas_2021,United States,United States,WASH,63899.85,128,False,United Nations Children's Fund
USA_Protection_001,nicholas_2021,United States,United States,Protection,42599.9,85,False,United Nations Humanitarian Air Service
USA_Education_001,nicholas_2021,United States,United States,Education,34079.92,68,False,Agency for Technical Cooperation and Development
USA_Livelihoods_001,nicholas_2021,United States,United States,Livelihoods,29819.93,60,False,United Nations Humanitarian Air Service
USA_Energy_001,nicholas_2021,United States,United States,Energy,8519.98,17,False,ACBAR - Agency Coordinating Body for Afghan Relief
NIC_Health_001,bonnie_2022,Nicaragua,Nicaragua,Health,1005652.8,2011,False,Syrian Arab Republic Humanitarian Fund
NIC_FoodSecurity_001,bonnie_2022,Nicaragua,Nicaragua,Food Security,1005652.8,2011,False,Ukraine Humanitarian Fund
NIC_Shelter_001,bonnie_2022,Nicaragua,Nicaragua,Shelter,905087.52,1810,False,Yemen Humanitarian Fund
NIC_WASH_001,bonnie_2022,Nicaragua,Nicaragua,WASH,754239.6,1508,False,Yemen Humanitarian Fund
NIC_Protection_001,bonnie_2022,Nicaragua,Nicaragua,Protection,502826.4,1006,False,Ukraine Humanitarian Fund
NIC_Education_001,bonnie_2022,Nicaragua,Nicaragua,Education,402261.12,805,False,Syrian Arab Republic Humanitarian Fund
NIC_Livelihoods_001,bonnie_2022,Nicaragua,Nicaragua,Livelihoods,351978.48,704,False,Specially Designated Contributions (OCHA)
NIC_Energy_001,bonnie_2022,Nicaragua,Nicaragua,Energy,100565.28,201,False,"Burkina Faso (West, Central Africa HF)"
CAN_Shelter_001,earl_2022,Canada,Canada,Shelter,7584646.0,15169,False,Norwegian Refugee Council
CAN_Livelihoods_001,earl_2022,Canada,Canada,Livelihoods,1869912.0,3740,False,United Nations Children's Fund
CAN_Protection_001,earl_2022,Canada,Canada,Protection,13341654.0,26683,False,International Rescue Committee
CAN_Education_001,earl_2022,Canada,Canada,Education,15011476.0,30023,False,Norwegian Refugee Council
CAN_FoodSecurity_001,earl_2022,Canada,Canada,Food Security,63771266.0,127543,False,Norwegian Refugee Council
CAN_Health_001,earl_2022,Canada,Canada,Health,19286598.0,38573,False,Médecins du Monde
CAN_Health_002,earl_2022,Canada,Canada,Health,5352792.0,10706,False,Action Contre la Faim - Action Against Hunger International
CAN_WASH_001,earl_2022,Canada,Canada,WASH,2177346.0,4355,False,Action Contre la Faim - Action Against Hunger International
CAN_Energy_001,earl_2022,Canada,Canada,Energy,73415202.0,146830,False,Norwegian Refugee Council
GTM_WASH_001,julia_2022,Guatemala,Guatemala,WASH,6365916.0,12732,False,ETH Foundation
GTM_Health_001,julia_2022,Guatemala,Guatemala,Health,7508377.18,15017,False,International Committee of the Red Cross
GTM_FoodSecurity_001,julia_2022,Guatemala,Guatemala,Food Security,7508377.18,15017,False,Norwegian Refugee Council
GTM_Shelter_001,julia_2022,Guatemala,Guatemala,Shelter,6757539.46,13515,False,ETH Foundation
GTM_Protection_001,julia_2022,Guatemala,Guatemala,Protection,3754188.59,7508,False,International NGOs (Confidential)
GTM_Education_001,julia_2022,Guatemala,Guatemala,Education,3003350.87,6007,False,Global Communities
GTM_Livelihoods_001,julia_2022,Guatemala,Guatemala,Livelihoods,2627932.01,5256,False,International Committee of the Red Cross
GTM_Energy_001,julia_2022,Guatemala,Guatemala,Energy,750837.72,1502,False,Acción Contra el Hambre - Spain
NIC_Health_001,julia_2022,Nicaragua,Nicaragua,Health,1005652.8,2011,False,Yemen Humanitarian Fund
NIC_FoodSecurity_001,julia_2022,Nicaragua,Nicaragua,Food Security,1005652.8,2011,False,Yemen Humanitarian Fund
NIC_Shelter_001,julia_2022,Nicaragua,Nicaragua,Shelter,905087.52,1810,False,Syria Cross-border Humanitarian Fund
NIC_WASH_001,julia_2022,Nicaragua,Nicaragua,WASH,754239.6,1508,False,Syria Cross-border Humanitarian Fund
NIC_Protection_001,julia_2022,Nicaragua,Nicaragua,Protection,502826.4,1006,False,Syria Cross-border Humanitarian Fund
NIC_Education_001,julia_2022,Nicaragua,Nicaragua,Education,402261.12,805,False,Office for the Coordination of Humanitarian Affairs
NIC_Livelihoods_001,julia_2022,Nicaragua,Nicaragua,Livelihoods,351978.48,704,False,Office for the Coordination of Humanitarian Affairs
NIC_Energy_001,julia_2022,Nicaragua,Nicaragua,Energy,100565.28,201,False,Yemen Humanitarian Fund
GTM_WASH_001,lisa_2022,Guatemala,Guatemala,WASH,6365916.0,12732,False,Save the Children
GTM_Health_001,lisa_2022,Guatemala,Guatemala,Health,7508377.18,15017,False,UN Economic Commission for Latin America
GTM_FoodSecurity_001,lisa_2022,Guatemala,Guatemala,Food Security,7508377.18,15017,False,Norwegian Refugee Council
GTM_Shelter_001,lisa_2022,Guatemala,Guatemala,Shelter,6757539.46,13515,False,International NGOs (Confidential)
GTM_Protection_001,lisa_2022,Guatemala,Guatemala,Protection,3754188.59,7508,False,Acción Contra el Hambre - Spain
GTM_Education_001,lisa_2022,Guatemala,Guatemala,Education,3003350.87,6007,False,World Vision International
GTM_Livelihoods_001,lisa_2022,Guatemala,Guatemala,Livelihoods,2627932.01,5256,False,Save the Children
GTM_Energy_001,lisa_2022,Guatemala,Guatemala,Energy,750837.72,1502,False,Catholic Relief Services
MEX_Health_001,lisa_2022,Mexico,Mexico,Health,14365221.4,28730,True,International Labour Organization
MEX_FoodSecurity_001,lisa_2022,Mexico,Mexico,Food Security,14365221.4,28730,False,French Red Cross
MEX_Shelter_001,lisa_2022,Mexico,Mexico,Shelter,12928699.26,25857,False,United Nations High Commissioner for Refugees
MEX_WASH_001,lisa_2022,Mexico,Mexico,WASH,10773916.05,21548,False,International Labour Organization
MEX_Protection_001,lisa_2022,Mexico,Mexico,Protection,7182610.7,14365,False,"Mauritania, Government of"
MEX_Education_001,lisa_2022,Mexico,Mexico,Education,5746088.56,11492,False,International Labour Organization
MEX_Livelihoods_001,lisa_2022,Mexico,Mexico,Livelihoods,5027827.49,10056,False,"Mauritania, Government of"
MEX_Energy_001,lisa_2022,Mexico,Mexico,Energy,1436522.14,2873,False,"Mauritania, Government of"
BHS_Health_001,nicole_2022,Bahamas,Bahamas,Health,1839903.0,3680,False,United Nations Development Programme
BHS_FoodSecurity_001,nicole_2022,Bahamas,Bahamas,Food Security,1839903.0,3680,False,Central Emergency Response Fund
BHS_Shelter_001,nicole_2022,Bahamas,Bahamas,Shelter,1655912.7,3312,False,United Nations Development Programme
BHS_WASH_001,nicole_2022,Bahamas,Bahamas,WASH,1379927.25,2760,False,Yemen Humanitarian Fund
BHS_Protection_001,nicole_2022,Bahamas,Bahamas,Protection,919951.5,1840,False,United Nations High Commissioner for Refugees
BHS_Education_001,nicole_2022,Bahamas,Bahamas,Education,735961.2,1472,True,United Nations Development Programme
BHS_Livelihoods_001,nicole_2022,Bahamas,Bahamas,Livelihoods,643966.05,1288,False,International Committee of the Red Cross
BHS_Energy_001,nicole_2022,Bahamas,Bahamas,Energy,183990.3,368,True,United Nations Development Programme
USA_Health_001,nicole_2022,United States,United States,Health,9609.8,19,False,United Nations Children's Fund
USA_FoodSecurity_001,nicole_2022,United States,United States,Food Security,9609.8,19,False,United Nations Population Fund
USA_Shelter_001,nicole_2022,United States,United States,Shelter,8648.82,17,False,Agency for Technical Cooperation and Development
USA_WASH_001,nicole_2022,United States,United States,WASH,7207.35,14,False,International Committee of the Red Cross
USA_Protection_001,nicole_2022,United States,United States,Protection,4804.9,10,False,International Committee of the Red Cross
USA_Education_001,nicole_2022,United States,United States,Education,3843.92,8,False,Afghanistan Humanitarian Fund
USA_Livelihoods_001,nicole_2022,United States,United States,Livelihoods,3363.43,7,False,World Food Programme
DOM_Health_001,franklin_2023,Dominican Republic,Dominican Republic,Health,12729928.4,25460,False,Swiss Development Cooperation/Swiss Humanitarian Aid
DOM_FoodSecurity_001,franklin_2023,Dominican Republic,Dominican Republic,Food Security,12729928.4,25460,False,International Organization for Migration
DOM_Shelter_001,franklin_2023,Dominican Republic,Dominican Republic,Shelter,11456935.56,22914,False,United Nations High Commissioner for Refugees
DOM_WASH_001,franklin_2023,Dominican Republic,Dominican Republic,WASH,9547446.3,19095,False,Danish Refugee Council
DOM_Protection_001,franklin_2023,Dominican Republic,Dominican Republic,Protection,6364964.2,12730,False,Danish Refugee Council
DOM_Education_001,franklin_2023,Dominican Republic,Dominican Republic,Education,5091971.36,10184,False,United Nations Children's Fund
DOM_Livelihoods_001,franklin_2023,Dominican Republic,Dominican Republic,Livelihoods,4455474.94,8911,False,King Salman Humanitarian Aid and Relief Center
DOM_Energy_001,franklin_2023,Dominican Republic,Dominican Republic,Energy,1272992.84,2546,False,Danish Refugee Council
MEX_Health_001,idalia_2023,Mexico,Mexico,Health,9695193.6,19390,False,World Food Programme
MEX_FoodSecurity_001,idalia_2023,Mexico,Mexico,Food Security,9695193.6,19390,False,Action Contre la Faim - Action Against Hunger International
MEX_Shelter_001,idalia_2023,Mexico,Mexico,Shelter,8725674.24,17451,False,United Nations Children's Fund
MEX_WASH_001,idalia_2023,Mexico,Mexico,WASH,7271395.2,14543,False,United Nations Children's Fund
MEX_Protection_001,idalia_2023,Mexico,Mexico,Protection,4847596.8,9695,False,International Committee of the Red Cross
MEX_Education_001,idalia_2023,Mexico,Mexico,Education,3878077.44,7756,False,World Food Programme
MEX_Livelihoods_001,idalia_2023,Mexico,Mexico,Livelihoods,3393317.76,6787,False,International Committee of the Red Cross
MEX_Energy_001,idalia_2023,Mexico,Mexico,Energy,969519.36,1939,False,United Nations Children's Fund
CAN_FoodSecurity_001,lee_2023,Canada,Canada,Food Security,25591901.0,51184,False,Christian Blind Mission
CAN_Protection_001,lee_2023,Canada,Canada,Protection,17143061.0,34286,False,Médecins du Monde
CAN_WASH_001,lee_2023,Canada,Canada,WASH,7075201.0,14150,False,United Nations High Commissioner for Refugees
CAN_Health_001,lee_2023,Canada,Canada,Health,16190445.0,32381,False,United Nations Population Fund
CAN_Education_001,lee_2023,Canada,Canada,Education,2902050.0,5804,False,World Food Programme
CAN_Health_002,lee_2023,Canada,Canada,Health,8701647.0,17403,False,World Food Programme
CAN_Shelter_001,lee_2023,Canada,Canada,Shelter,8354784.0,16710,False,United Nations Children's Fund
CAN_Livelihoods_001,lee_2023,Canada,Canada,Livelihoods,20932945.44,41866,False,Danish Refugee Council
CAN_Energy_001,lee_2023,Canada,Canada,Energy,5980841.56,11962,False,Danish Refugee Council
USA_Health_001,debby_2024,United States,United States,Health,503181.2,1006,False,Central Emergency Response Fund
USA_FoodSecurity_001,debby_2024,United States,United States,Food Security,503181.2,1006,False,Office for the Coordination of Humanitarian Affairs
USA_Shelter_001,debby_2024,United States,United States,Shelter,452863.08,906,False,Sudan Humanitarian Fund
USA_WASH_001,debby_2024,United States,United States,WASH,377385.9,755,True,United Nations Children's Fund
USA_Protection_001,debby_2024,United States,United States,Protection,251590.6,503,False,Afghanistan Humanitarian Fund
USA_Education_001,debby_2024,United States,United States,Education,201272.48,403,False,Nigeria Humanitarian Fund
USA_Livelihoods_001,debby_2024,United States,United States,Livelihoods,176113.42,352,True,Central Emergency Response Fund
USA_Energy_001,debby_2024,United States,United States,Energy,50318.12,101,False,Afghanistan Humanitarian Fund
BMU_Health_001,ernesto_2024,Bermuda,Bermuda,Health,839983.0,1680,False,Acción Contra el Hambre - Spain
BMU_FoodSecurity_001,ernesto_2024,Bermuda,Bermuda,Food Security,839983.0,1680,False,World Vision USA
BMU_Shelter_001,ernesto_2024,Bermuda,Bermuda,Shelter,755984.7,1512,False,United Nations High Commissioner for Refugees
BMU_WASH_001,ernesto_2024,Bermuda,Bermuda,WASH,629987.25,1260,False,Centre for the Coordination of Natural Disaster Prevention in Central America
BMU_Protection_001,ernesto_2024,Bermuda,Bermuda,Protection,419991.5,840,False,International Organization for Migration
BMU_Education_001,ernesto_2024,Bermuda,Bermuda,Education,335993.2,672,False,Centre for the Coordination of Natural Disaster Prevention in Central America
BMU_Livelihoods_001,ernesto_2024,Bermuda,Bermuda,Livelihoods,293994.05,588,False,Acción Contra el Hambre - Spain
BMU_Energy_001,ernesto_2024,Bermuda,Bermuda,Energy,83998.3,168,False,Norwegian Red Cross
MEX_Health_001,francine_2024,Mexico,Mexico,Health,10643450.6,21287,False,World Food Programme
MEX_FoodSecurity_001,francine_2024,Mexico,Mexico,Food Security,10643450.6,21287,False,Acción Contra el Hambre - Spain
MEX_Shelter_001,francine_2024,Mexico,Mexico,Shelter,9579105.54,19158,False,Alliance for International Medical Action
MEX_WASH_001,francine_2024,Mexico,Mexico,WASH,7982587.95,15965,False,International Labour Organization
MEX_Protection_001,francine_2024,Mexico,Mexico,Protection,5321725.3,10643,False,Acción Contra el Hambre - Spain
MEX_Education_001,francine_2024,Mexico,Mexico,Education,4257380.24,8515,False,Acción Contra el Hambre - Spain
MEX_Livelihoods_001,francine_2024,Mexico,Mexico,Livelihoods,3725207.71,7450,False,World Food Programme
MEX_Energy_001,francine_2024,Mexico,Mexico,Energy,1064345.06,2129,False,Save the Children
USA_Health_001,francine_2024,United States,United States,Health,503181.2,1006,True,Afghanistan Humanitarian Fund
USA_FoodSecurity_001,francine_2024,United States,United States,Food Security,503181.2,1006,False,World Food Programme
USA_Shelter_001,francine_2024,United States,United States,Shelter,452863.08,906,True,Central Emergency Response Fund
USA_WASH_001,francine_2024,United States,United States,WASH,377385.9,755,True,Ukraine Humanitarian Fund
USA_Protection_001,francine_2024,United States,United States,Protection,251590.6,503,False,World Food Programme
USA_Education_001,francine_2024,United States,United States,Education,201272.48,403,False,United Nations Children's Fund
USA_Livelihoods_001,francine_2024,United States,United States,Livelihoods,176113.42,352,True,Office for the Coordination of Humanitarian Affairs
USA_Energy_001,francine_2024,United States,United States,Energy,50318.12,101,False,United Nations Children's Fund
BHS_Health_001,oscar_2024,Bahamas,Bahamas,Health,291448.8,583,True,Central Emergency Response Fund
BHS_FoodSecurity_001,oscar_2024,Bahamas,Bahamas,Food Security,291448.8,583,True,Disabled Women Society of Azerbaijan
BHS_Shelter_001,oscar_2024,Bahamas,Bahamas,Shelter,262303.92,525,False,Central Emergency Response Fund
BHS_WASH_001,oscar_2024,Bahamas,Bahamas,WASH,218586.6,437,False,United Nations High Commissioner for Refugees
BHS_Protection_001,oscar_2024,Bahamas,Bahamas,Protection,145724.4,291,False,Central Emergency Response Fund
BHS_Education_001,oscar_2024,Bahamas,Bahamas,Education,116579.52,233,False,Disabled Women Society of Azerbaijan
BHS_Livelihoods_001,oscar_2024,Bahamas,Bahamas,Livelihoods,102007.08,204,False,Central Emergency Response Fund
BHS_Energy_001,oscar_2024,Bahamas,Bahamas,Energy,29144.88,58,False,King Salman Humanitarian Aid and Relief Center
CUB_Health_001,oscar_2024,Cuba,Cuba,Health,3616423.4,7233,False,Food and Agriculture Organization of the United Nations
CUB_FoodSecurity_001,oscar_2024,Cuba,Cuba,Food Security,3616423.4,7233,False,Action Contre la Faim - Action Against Hunger International
CUB_Shelter_001,oscar_2024,Cuba,Cuba,Shelter,3254781.06,6510,False,National NGOs (Confidential)
CUB_WASH_001,oscar_2024,Cuba,Cuba,WASH,2712317.55,5425,False,International NGOs (Confidential)
CUB_Protection_001,oscar_2024,Cuba,Cuba,Protection,1808211.7,3616,False,International NGOs (Confidential)
CUB_Education_001,oscar_2024,Cuba,Cuba,Education,1446569.36,2893,False,World Health Organization
CUB_Livelihoods_001,oscar_2024,Cuba,Cuba,Livelihoods,1265748.19,2531,False,United Nations High Commissioner for Refugees
CUB_Energy_001,oscar_2024,Cuba,Cuba,Energy,361642.34,723,False,Action Contre la Faim - Action Against Hunger International
CUB_Health_001,rafael_2024,Cuba,Cuba,Health,3616423.4,7233,False,National NGOs (Confidential)
CUB_FoodSecurity_001,rafael_2024,Cuba,Cuba,Food Security,3616423.4,7233,False,World Health Organization
CUB_Shelter_001,rafael_2024,Cuba,Cuba,Shelter,3254781.06,6510,False,United Nations High Commissioner for Refugees
CUB_WASH_001,rafael_2024,Cuba,Cuba,WASH,2712317.55,5425,False,Food and Agriculture Organization of the United Nations
CUB_Protection_001,rafael_2024,Cuba,Cuba,Protection,1808211.7,3616,False,National NGOs (Confidential)
CUB_Education_001,rafael_2024,Cuba,Cuba,Education,1446569.36,2893,False,Action Contre la Faim - Action Against Hunger International
CUB_Livelihoods_001,rafael_2024,Cuba,Cuba,Livelihoods,1265748.19,2531,False,United Nations High Commissioner for Refugees
CUB_Energy_001,rafael_2024,Cuba,Cuba,Energy,361642.34,723,False,Action Contre la Faim - Action Against Hunger International
USA_Health_001,dexter_2025,United States,United States,Health,43475.6,87,True,Oxford University
USA_FoodSecurity_001,dexter_2025,United States,United States,Food Security,43475.6,87,False,Danish Refugee Council
USA_Shelter_001,dexter_2025,United States,United States,Shelter,39128.04,78,False,British Red Cross
USA_WASH_001,dexter_2025,United States,United States,WASH,32606.7,65,True,International Committee of the Red Cross
USA_Protection_001,dexter_2025,United States,United States,Protection,21737.8,43,False,Danish Refugee Council
USA_Education_001,dexter_2025,United States,United States,Education,17390.24,35,False,British Red Cross
USA_Livelihoods_001,dexter_2025,United States,United States,Livelihoods,15216.46,30,False,International Committee of the Red Cross
USA_Energy_001,dexter_2025,United States,United States,Energy,4347.56,9,False,Occupied Palestinian Territory Humanitarian Fund
BHS_Health_001,imelda_2025,Bahamas,Bahamas,Health,10347.2,21,True,"Azerbaijan, Government of"
BHS_FoodSecurity_001,imelda_2025,Bahamas,Bahamas,Food Security,10347.2,21,False,"Azerbaijan, Government of"
BHS_Shelter_001,imelda_2025,Bahamas,Bahamas,Shelter,9312.48,19,False,"Azerbaijan, Government of"
BHS_WASH_001,imelda_2025,Bahamas,Bahamas,WASH,7760.4,16,True,"Azerbaijan, Government of"
BHS_Protection_001,imelda_2025,Bahamas,Bahamas,Protection,5173.6,10,False,Central Emergency Response Fund
BHS_Education_001,imelda_2025,Bahamas,Bahamas,Education,4138.88,8,True,Central Emergency Response Fund
BHS_Livelihoods_001,imelda_2025,Bahamas,Bahamas,Livelihoods,3621.52,7,True,"Azerbaijan, Government of"
BHS_Energy_001,imelda_2025,Bahamas,Bahamas,Energy,1034.72,2,False,"Azerbaijan, Government of"
USA_Health_001,imelda_2025,United States,United States,Health,43475.6,87,True,Access to Health Fund
USA_FoodSecurity_001,imelda_2025,United States,United States,Food Security,43475.6,87,False,Oxford University
USA_Shelter_001,imelda_2025,United States,United States,Shelter,39128.04,78,True,International Committee of the Red Cross
USA_WASH_001,imelda_2025,United States,United States,WASH,32606.7,65,True,Mercy Corps
USA_Protection_001,imelda_2025,United States,United States,Protection,21737.8,43,True,World Food Programme
USA_Education_001,imelda_2025,United States,United States,Education,17390.24,35,False,Food and Agriculture Organization of the United Nations
USA_Livelihoods_001,imelda_2025,United States,United States,Livelihoods,15216.46,30,False,World Food Programme
USA_Energy_001,imelda_2025,United States,United States,Energy,4347.56,9,False,Sudan Humanitarian Fund
